DATE,DATE_NAME,DATE_CODE,DATE_TYPE,DATE_TYPECODE,DATE_SORTORDER,GEOGRAPHY,GEOGRAPHY_NAME,GEOGRAPHY_CODE,GEOGRAPHY_TYPE,GEOGRAPHY_TYPECODE,GEOGRAPHY_SORTORDER,INDUSTRY,INDUSTRY_NAME,INDUSTRY_CODE,INDUSTRY_TYPE,INDUSTRY_TYPECODE,INDUSTRY_SORTORDER,EMPLOYMENT_SIZEBAND,EMPLOYMENT_SIZEBAND_NAME,EMPLOYMENT_SIZEBAND_CODE,EMPLOYMENT_SIZEBAND_TYPE,EMPLOYMENT_SIZEBAND_TYPECODE,EMPLOYMENT_SIZEBAND_SORTORDER,LEGAL_STATUS,LEGAL_STATUS_NAME,LEGAL_STATUS_CODE,LEGAL_STATUS_TYPE,LEGAL_STATUS_TYPECODE,LEGAL_STATUS_SORTORDER,MEASURES,MEASURES_NAME,OBS_VALUE,OBS_STATUS,OBS_STATUS_NAME,OBS_CONF,OBS_CONF_NAME,URN,RECORD_OFFSET,RECORD_COUNT
2010,2010,2010,date,0,0,2092957697,United Kingdom,K02000001,countries,499,0,150994945,"A : Agriculture, forestry and fishing",A,SIC 2007 section,36,0,0,Total,0,employment sizeband,1000,0,0,Total,0,legal status,1000,0,20100,Value,137135,A,Normal Value,F,Free (free for publication),Nm-142d1d32160e0d2092957697d150994945d0d0d20100,0,256
2010,2010,2010,date,0,0,2092957697,United Kingdom,K02000001,countries,499,0,150994946,B : Mining and quarrying,B,SIC 2007 section,36,1,0,Total,0,employment sizeband,1000,0,0,Total,0,legal status,1000,0,20100,Value,1195,A,Normal Value,F,Free (free for publication),Nm-142d1d32160e0d2092957697d150994946d0d0d20100,1,256
2010,2010,2010,date,0,0,2092957697,United Kingdom,K02000001,countries,499,0,150994947,C : Manufacturing,C,SIC 2007 section,36,2,0,Total,0,employment sizeband,1000,0,0,Total,0,legal status,1000,0,20100,Value,127370,A,Normal Value,F,Free (free for publication),Nm-142d1d32160e0d2092957697d150994947d0d0d20100,2,256
2010,2010,2010,date,0,0,2092957697,United Kingdom,K02000001,countries,499,0,150994948,"D : Electricity, gas, steam and air conditioning supply",D,SIC 2007 section,36,3,0,Total,0,employment sizeband,1000,0,0,Total,0,legal status,1000,0,20100,Value,550,A,Normal Value,F,Free (free for publication),Nm-142d1d32160e0d2092957697d150994948d0d0d20100,3,256
2010,2010,2010,date,0,0,2092957697,United Kingdom,K02000001,countries,499,0,150994949,"E : Water supply; sewerage, waste management and remediation activities",E,SIC 2007 section,36,4,0,Total,0,employment sizeband,1000,0,0,Total,0,legal status,1000,0,20100,Value,5865,A,Normal Value,F,Free (free for publication),Nm-142d1d32160e0d2092957697d150994949d0d0d20100,4,256
2010,2010,2010,date,0,0,2092957697,United Kingdom,K02000001,countries,499,0,150994950,F : Construction,F,SIC 2007 section,36,5,0,Total,0,employment sizeband,1000,0,0,Total,0,legal status,1000,0,20100,Value,274415,A,Normal Value,F,Free (free for publication),Nm-142d1d32160e0d2092957697d150994950d0d0d20100,5,256
2010,2010,2010,date,0,0,2092957697,United Kingdom,K02000001,countries,499,0,150994951,G : Wholesale and retail trade; repair of motor vehicles and motorcycles,G,SIC 2007 section,36,6,0,Total,0,employment sizeband,1000,0,0,Total,0,legal status,1000,0,20100,Value,359385,A,Normal Value,F,Free (free for publication),Nm-142d1d32160e0d2092957697d150994951d0d0d20100,6,256
2010,2010,2010,date,0,0,2092957697,United Kingdom,K02000001,countries,499,0,150994952,H : Transportation and storage,H,SIC 2007 section,36,7,0,Total,0,employment sizeband,1000,0,0,Total,0,legal status,1000,0,20100,Value,67530,A,Normal Value,F,Free (free for publication),Nm-142d1d32160e0d2092957697d150994952d0d0d20100,7,256
2010,2010,2010,date,0,0,2092957697,United Kingdom,K02000001,countries,499,0,150994953,I : Accommodation and food service activities,I,SIC 2007 section,36,8,0,Total,0,employment sizeband,1000,0,0,Total,0,legal status,1000,0,20100,Value,129740,A,Normal Value,F,Free (free for publication),Nm-142d1d32160e0d2092957697d150994953d0d0d20100,8,256
2010,2010,2010,date,0,0,2092957697,United Kingdom,K02000001,countries,499,0,150994954,J : Information and communication,J,SIC 2007 section,36,9,0,Total,0,employment sizeband,1000,0,0,Total,0,legal status,1000,0,20100,Value,144890,A,Normal Value,F,Free (free for publication),Nm-142d1d32160e0d2092957697d150994954d0d0d20100,9,256
2010,2010,2010,date,0,0,2092957697,United Kingdom,K02000001,countries,499,0,150994957,"M : Professional, scientific and technical activities",M,SIC 2007 section,36,10,0,Total,0,employment sizeband,1000,0,0,Total,0,legal status,1000,0,20100,Value,324015,A,Normal Value,F,Free (free for publication),Nm-142d1d32160e0d2092957697d150994957d0d0d20100,10,256
2010,2010,2010,date,0,0,2092957697,United Kingdom,K02000001,countries,499,0,150994958,N : Administrative and support service activities,N,SIC 2007 section,36,11,0,Total,0,employment sizeband,1000,0,0,Total,0,legal status,1000,0,20100,Value,147370,A,Normal Value,F,Free (free for publication),Nm-142d1d32160e0d2092957697d150994958d0d0d20100,11,256
2010,2010,2010,date,0,0,2092957697,United Kingdom,K02000001,countries,499,0,150994962,"R : Arts, entertainment and recreation",R,SIC 2007 section,36,12,0,Total,0,employment sizeband,1000,0,0,Total,0,legal status,1000,0,20100,Value,56365,A,Normal Value,F,Free (free for publication),Nm-142d1d32160e0d2092957697d150994962d0d0d20100,12,256
2010,2010,2010,date,0,0,2092957697,United Kingdom,K02000001,countries,499,0,150994963,S : Other service activities,S,SIC 2007 section,36,13,0,Total,0,employment sizeband,1000,0,0,Total,0,legal status,1000,0,20100,Value,93725,A,Normal Value,F,Free (free for publication),Nm-142d1d32160e0d2092957697d150994963d0d0d20100,13,256
2010,2010,2010,date,0,0,2092957697,United Kingdom,K02000001,countries,499,0,150994964,T : Activities of households as employers;undifferentiated goods-and services-producing activities of households for own use,T,SIC 2007 section,36,14,0,Total,0,employment sizeband,1000,0,0,Total,0,legal status,1000,0,20100,Value,0,A,Normal Value,F,Free (free for publication),Nm-142d1d32160e0d2092957697d150994964d0d0d20100,14,256
2010,2010,2010,date,0,0,2092957697,United Kingdom,K02000001,countries,499,0,150994965,U : Activities of extraterritorial organisations and bodies,U,SIC 2007 section,36,15,0,Total,0,employment sizeband,1000,0,0,Total,0,legal status,1000,0,20100,Value,35,A,Normal Value,F,Free (free for publication),Nm-142d1d32160e0d2092957697d150994965d0d0d20100,15,256
2011,2011,2011,date,0,1,2092957697,United Kingdom,K02000001,countries,499,0,150994945,"A : Agriculture, forestry and fishing",A,SIC 2007 section,36,0,0,Total,0,employment sizeband,1000,0,0,Total,0,legal status,1000,0,20100,Value,139070,A,Normal Value,F,Free (free for publication),Nm-142d1d32176e0d2092957697d150994945d0d0d20100,16,256
2011,2011,2011,date,0,1,2092957697,United Kingdom,K02000001,countries,499,0,150994946,B : Mining and quarrying,B,SIC 2007 section,36,1,0,Total,0,employment sizeband,1000,0,0,Total,0,legal status,1000,0,20100,Value,1135,A,Normal Value,F,Free (free for publication),Nm-142d1d32176e0d2092957697d150994946d0d0d20100,17,256
2011,2011,2011,date,0,1,2092957697,United Kingdom,K02000001,countries,499,0,150994947,C : Manufacturing,C,SIC 2007 section,36,2,0,Total,0,employment sizeband,1000,0,0,Total,0,legal status,1000,0,20100,Value,122500,A,Normal Value,F,Free (free for publication),Nm-142d1d32176e0d2092957697d150994947d0d0d20100,18,256
2011,2011,2011,date,0,1,2092957697,United Kingdom,K02000001,countries,499,0,150994948,"D : Electricity, gas, steam and air conditioning supply",D,SIC 2007 section,36,3,0,Total,0,employment sizeband,1000,0,0,Total,0,legal status,1000,0,20100,Value,775,A,Normal Value,F,Free (free for publication),Nm-142d1d32176e0d2092957697d150994948d0d0d20100,19,256
2011,2011,2011,date,0,1,2092957697,United Kingdom,K02000001,countries,499,0,150994949,"E : Water supply; sewerage, waste management and remediation activities",E,SIC 2007 section,36,4,0,Total,0,employment sizeband,1000,0,0,Total,0,legal status,1000,0,20100,Value,6145,A,Normal Value,F,Free (free for publication),Nm-142d1d32176e0d2092957697d150994949d0d0d20100,20,256
2011,2011,2011,date,0,1,2092957697,United Kingdom,K02000001,countries,499,0,150994950,F : Construction,F,SIC 2007 section,36,5,0,Total,0,employment sizeband,1000,0,0,Total,0,legal status,1000,0,20100,Value,262465,A,Normal Value,F,Free (free for publication),Nm-142d1d32176e0d2092957697d150994950d0d0d20100,21,256
2011,2011,2011,date,0,1,2092957697,United Kingdom,K02000001,countries,499,0,150994951,G : Wholesale and retail trade; repair of motor vehicles and motorcycles,G,SIC 2007 section,36,6,0,Total,0,employment sizeband,1000,0,0,Total,0,legal status,1000,0,20100,Value,357435,A,Normal Value,F,Free (free for publication),Nm-142d1d32176e0d2092957697d150994951d0d0d20100,22,256
2011,2011,2011,date,0,1,2092957697,United Kingdom,K02000001,countries,499,0,150994952,H : Transportation and storage,H,SIC 2007 section,36,7,0,Total,0,employment sizeband,1000,0,0,Total,0,legal status,1000,0,20100,Value,65940,A,Normal Value,F,Free (free for publication),Nm-142d1d32176e0d2092957697d150994952d0d0d20100,23,256
2011,2011,2011,date,0,1,2092957697,United Kingdom,K02000001,countries,499,0,150994953,I : Accommodation and food service activities,I,SIC 2007 section,36,8,0,Total,0,employment sizeband,1000,0,0,Total,0,legal status,1000,0,20100,Value,127205,A,Normal Value,F,Free (free for publication),Nm-142d1d32176e0d2092957697d150994953d0d0d20100,24,256
2011,2011,2011,date,0,1,2092957697,United Kingdom,K02000001,countries,499,0,150994954,J : Information and communication,J,SIC 2007 section,36,9,0,Total,0,employment sizeband,1000,0,0,Total,0,legal status,1000,0,20100,Value,147465,A,Normal Value,F,Free (free for publication),Nm-142d1d32176e0d2092957697d150994954d0d0d20100,25,256
2011,2011,2011,date,0,1,2092957697,United Kingdom,K02000001,countries,499,0,150994957,"M : Professional, scientific and technical activities",M,SIC 2007 section,36,10,0,Total,0,employment sizeband,1000,0,0,Total,0,legal status,1000,0,20100,Value,330140,A,Normal Value,F,Free (free for publication),Nm-142d1d32176e0d2092957697d150994957d0d0d20100,26,256
2011,2011,2011,date,0,1,2092957697,United Kingdom,K02000001,countries,499,0,150994958,N : Administrative and support service activities,N,SIC 2007 section,36,11,0,Total,0,employment sizeband,1000,0,0,Total,0,legal status,1000,0,20100,Value,140505,A,Normal Value,F,Free (free for publication),Nm-142d1d32176e0d2092957697d150994958d0d0d20100,27,256
2011,2011,2011,date,0,1,2092957697,United Kingdom,K02000001,countries,499,0,150994962,"R : Arts, entertainment and recreation",R,SIC 2007 section,36,12,0,Total,0,employment sizeband,1000,0,0,Total,0,legal status,1000,0,20100,Value,55585,A,Normal Value,F,Free (free for publication),Nm-142d1d32176e0d2092957697d150994962d0d0d20100,28,256
2011,2011,2011,date,0,1,2092957697,United Kingdom,K02000001,countries,499,0,150994963,S : Other service activities,S,SIC 2007 section,36,13,0,Total,0,employment sizeband,1000,0,0,Total,0,legal status,1000,0,20100,Value,89905,A,Normal Value,F,Free (free for publication),Nm-142d1d32176e0d2092957697d150994963d0d0d20100,29,256
2011,2011,2011,date,0,1,2092957697,United Kingdom,K02000001,countries,499,0,150994964,T : Activities of households as employers;undifferentiated goods-and services-producing activities of households for own use,T,SIC 2007 section,36,14,0,Total,0,employment sizeband,1000,0,0,Total,0,legal status,1000,0,20100,Value,0,A,Normal Value,F,Free (free for publication),Nm-142d1d32176e0d2092957697d150994964d0d0d20100,30,256
2011,2011,2011,date,0,1,2092957697,United Kingdom,K02000001,countries,499,0,150994965,U : Activities of extraterritorial organisations and bodies,U,SIC 2007 section,36,15,0,Total,0,employment sizeband,1000,0,0,Total,0,legal status,1000,0,20100,Value,5,A,Normal Value,F,Free (free for publication),Nm-142d1d32176e0d2092957697d150994965d0d0d20100,31,256
2012,2012,2012,date,0,2,2092957697,United Kingdom,K02000001,countries,499,0,150994945,"A : Agriculture, forestry and fishing",A,SIC 2007 section,36,0,0,Total,0,employment sizeband,1000,0,0,Total,0,legal status,1000,0,20100,Value,138925,A,Normal Value,F,Free (free for publication),Nm-142d1d32192e0d2092957697d150994945d0d0d20100,32,256
2012,2012,2012,date,0,2,2092957697,United Kingdom,K02000001,countries,499,0,150994946,B : Mining and quarrying,B,SIC 2007 section,36,1,0,Total,0,employment sizeband,1000,0,0,Total,0,legal status,1000,0,20100,Value,1155,A,Normal Value,F,Free (free for publication),Nm-142d1d32192e0d2092957697d150994946d0d0d20100,33,256
2012,2012,2012,date,0,2,2092957697,United Kingdom,K02000001,countries,499,0,150994947,C : Manufacturing,C,SIC 2007 section,36,2,0,Total,0,employment sizeband,1000,0,0,Total,0,legal status,1000,0,20100,Value,124295,A,Normal Value,F,Free (free for publication),Nm-142d1d32192e0d2092957697d150994947d0d0d20100,34,256
2012,2012,2012,date,0,2,2092957697,United Kingdom,K02000001,countries,499,0,150994948,"D : Electricity, gas, steam and air conditioning supply",D,SIC 2007 section,36,3,0,Total,0,employment sizeband,1000,0,0,Total,0,legal status,1000,0,20100,Value,1325,A,Normal Value,F,Free (free for publication),Nm-142d1d32192e0d2092957697d150994948d0d0d20100,35,256
2012,2012,2012,date,0,2,2092957697,United Kingdom,K02000001,countries,499,0,150994949,"E : Water supply; sewerage, waste management and remediation activities",E,SIC 2007 section,36,4,0,Total,0,employment sizeband,1000,0,0,Total,0,legal status,1000,0,20100,Value,6605,A,Normal Value,F,Free (free for publication),Nm-142d1d32192e0d2092957697d150994949d0d0d20100,36,256
2012,2012,2012,date,0,2,2092957697,United Kingdom,K02000001,countries,499,0,150994950,F : Construction,F,SIC 2007 section,36,5,0,Total,0,employment sizeband,1000,0,0,Total,0,legal status,1000,0,20100,Value,263735,A,Normal Value,F,Free (free for publication),Nm-142d1d32192e0d2092957697d150994950d0d0d20100,37,256
2012,2012,2012,date,0,2,2092957697,United Kingdom,K02000001,countries,499,0,150994951,G : Wholesale and retail trade; repair of motor vehicles and motorcycles,G,SIC 2007 section,36,6,0,Total,0,employment sizeband,1000,0,0,Total,0,legal status,1000,0,20100,Value,360925,A,Normal Value,F,Free (free for publication),Nm-142d1d32192e0d2092957697d150994951d0d0d20100,38,256
2012,2012,2012,date,0,2,2092957697,United Kingdom,K02000001,countries,499,0,150994952,H : Transportation and storage,H,SIC 2007 section,36,7,0,Total,0,employment sizeband,1000,0,0,Total,0,legal status,1000,0,20100,Value,67030,A,Normal Value,F,Free (free for publication),Nm-142d1d32192e0d2092957697d150994952d0d0d20100,39,256
2012,2012,2012,date,0,2,2092957697,United Kingdom,K02000001,countries,499,0,150994953,I : Accommodation and food service activities,I,SIC 2007 section,36,8,0,Total,0,employment sizeband,1000,0,0,Total,0,legal status,1000,0,20100,Value,131095,A,Normal Value,F,Free (free for publication),Nm-142d1d32192e0d2092957697d150994953d0d0d20100,40,256
2012,2012,2012,date,0,2,2092957697,United Kingdom,K02000001,countries,499,0,150994954,J : Information and communication,J,SIC 2007 section,36,9,0,Total,0,employment sizeband,1000,0,0,Total,0,legal status,1000,0,20100,Value,158775,A,Normal Value,F,Free (free for publication),Nm-142d1d32192e0d2092957697d150994954d0d0d20100,41,256
2012,2012,2012,date,0,2,2092957697,United Kingdom,K02000001,countries,499,0,150994957,"M : Professional, scientific and technical activities",M,SIC 2007 section,36,10,0,Total,0,employment sizeband,1000,0,0,Total,0,legal status,1000,0,20100,Value,352345,A,Normal Value,F,Free (free for publication),Nm-142d1d32192e0d2092957697d150994957d0d0d20100,42,256
2012,2012,2012,date,0,2,2092957697,United Kingdom,K02000001,countries,499,0,150994958,N : Administrative and support service activities,N,SIC 2007 section,36,11,0,Total,0,employment sizeband,1000,0,0,Total,0,legal status,1000,0,20100,Value,144095,A,Normal Value,F,Free (free for publication),Nm-142d1d32192e0d2092957697d150994958d0d0d20100,43,256
2012,2012,2012,date,0,2,2092957697,United Kingdom,K02000001,countries,499,0,150994962,"R : Arts, entertainment and recreation",R,SIC 2007 section,36,12,0,Total,0,employment sizeband,1000,0,0,Total,0,legal status,1000,0,20100,Value,57125,A,Normal Value,F,Free (free for publication),Nm-142d1d32192e0d2092957697d150994962d0d0d20100,44,256
2012,2012,2012,date,0,2,2092957697,United Kingdom,K02000001,countries,499,0,150994963,S : Other service activities,S,SIC 2007 section,36,13,0,Total,0,employment sizeband,1000,0,0,Total,0,legal status,1000,0,20100,Value,93395,A,Normal Value,F,Free (free for publication),Nm-142d1d32192e0d2092957697d150994963d0d0d20100,45,256
2012,2012,2012,date,0,2,2092957697,United Kingdom,K02000001,countries,499,0,150994964,T : Activities of households as employers;undifferentiated goods-and services-producing activities of households for own use,T,SIC 2007 section,36,14,0,Total,0,employment sizeband,1000,0,0,Total,0,legal status,1000,0,20100,Value,0,A,Normal Value,F,Free (free for publication),Nm-142d1d32192e0d2092957697d150994964d0d0d20100,46,256
2012,2012,2012,date,0,2,2092957697,United Kingdom,K02000001,countries,499,0,150994965,U : Activities of extraterritorial organisations and bodies,U,SIC 2007 section,36,15,0,Total,0,employment sizeband,1000,0,0,Total,0,legal status,1000,0,20100,Value,10,A,Normal Value,F,Free (free for publication),Nm-142d1d32192e0d2092957697d150994965d0d0d20100,47,256
2013,2013,2013,date,0,3,2092957697,United Kingdom,K02000001,countries,499,0,150994945,"A : Agriculture, forestry and fishing",A,SIC 2007 section,36,0,0,Total,0,employment sizeband,1000,0,0,Total,0,legal status,1000,0,20100,Value,143855,A,Normal Value,F,Free (free for publication),Nm-142d1d32208e0d2092957697d150994945d0d0d20100,48,256
2013,2013,2013,date,0,3,2092957697,United Kingdom,K02000001,countries,499,0,150994946,B : Mining and quarrying,B,SIC 2007 section,36,1,0,Total,0,employment sizeband,1000,0,0,Total,0,legal status,1000,0,20100,Value,1310,A,Normal Value,F,Free (free for publication),Nm-142d1d32208e0d2092957697d150994946d0d0d20100,49,256
2013,2013,2013,date,0,3,2092957697,United Kingdom,K02000001,countries,499,0,150994947,C : Manufacturing,C,SIC 2007 section,36,2,0,Total,0,employment sizeband,1000,0,0,Total,0,legal status,1000,0,20100,Value,125930,A,Normal Value,F,Free (free for publication),Nm-142d1d32208e0d2092957697d150994947d0d0d20100,50,256
2013,2013,2013,date,0,3,2092957697,United Kingdom,K02000001,countries,499,0,150994948,"D : Electricity, gas, steam and air conditioning supply",D,SIC 2007 section,36,3,0,Total,0,employment sizeband,1000,0,0,Total,0,legal status,1000,0,20100,Value,2055,A,Normal Value,F,Free (free for publication),Nm-142d1d32208e0d2092957697d150994948d0d0d20100,51,256
2013,2013,2013,date,0,3,2092957697,United Kingdom,K02000001,countries,499,0,150994949,"E : Water supply; sewerage, waste management and remediation activities",E,SIC 2007 section,36,4,0,Total,0,employment sizeband,1000,0,0,Total,0,legal status,1000,0,20100,Value,6920,A,Normal Value,F,Free (free for publication),Nm-142d1d32208e0d2092957697d150994949d0d0d20100,52,256
2013,2013,2013,date,0,3,2092957697,United Kingdom,K02000001,countries,499,0,150994950,F : Construction,F,SIC 2007 section,36,5,0,Total,0,employment sizeband,1000,0,0,Total,0,legal status,1000,0,20100,Value,257430,A,Normal Value,F,Free (free for publication),Nm-142d1d32208e0d2092957697d150994950d0d0d20100,53,256
2013,2013,2013,date,0,3,2092957697,United Kingdom,K02000001,countries,499,0,150994951,G : Wholesale and retail trade; repair of motor vehicles and motorcycles,G,SIC 2007 section,36,6,0,Total,0,employment sizeband,1000,0,0,Total,0,legal status,1000,0,20100,Value,358165,A,Normal Value,F,Free (free for publication),Nm-142d1d32208e0d2092957697d150994951d0d0d20100,54,256
2013,2013,2013,date,0,3,2092957697,United Kingdom,K02000001,countries,499,0,150994952,H : Transportation and storage,H,SIC 2007 section,36,7,0,Total,0,employment sizeband,1000,0,0,Total,0,legal status,1000,0,20100,Value,67485,A,Normal Value,F,Free (free for publication),Nm-142d1d32208e0d2092957697d150994952d0d0d20100,55,256
2013,2013,2013,date,0,3,2092957697,United Kingdom,K02000001,countries,499,0,150994953,I : Accommodation and food service activities,I,SIC 2007 section,36,8,0,Total,0,employment sizeband,1000,0,0,Total,0,legal status,1000,0,20100,Value,128925,A,Normal Value,F,Free (free for publication),Nm-142d1d32208e0d2092957697d150994953d0d0d20100,56,256
2013,2013,2013,date,0,3,2092957697,United Kingdom,K02000001,countries,499,0,150994954,J : Information and communication,J,SIC 2007 section,36,9,0,Total,0,employment sizeband,1000,0,0,Total,0,legal status,1000,0,20100,Value,165500,A,Normal Value,F,Free (free for publication),Nm-142d1d32208e0d2092957697d150994954d0d0d20100,57,256
2013,2013,2013,date,0,3,2092957697,United Kingdom,K02000001,countries,499,0,150994957,"M : Professional, scientific and technical activities",M,SIC 2007 section,36,10,0,Total,0,employment sizeband,1000,0,0,Total,0,legal status,1000,0,20100,Value,366110,A,Normal Value,F,Free (free for publication),Nm-142d1d32208e0d2092957697d150994957d0d0d20100,58,256
2013,2013,2013,date,0,3,2092957697,United Kingdom,K02000001,countries,499,0,150994958,N : Administrative and support service activities,N,SIC 2007 section,36,11,0,Total,0,employment sizeband,1000,0,0,Total,0,legal status,1000,0,20100,Value,143250,A,Normal Value,F,Free (free for publication),Nm-142d1d32208e0d2092957697d150994958d0d0d20100,59,256
2013,2013,2013,date,0,3,2092957697,United Kingdom,K02000001,countries,499,0,150994962,"R : Arts, entertainment and recreation",R,SIC 2007 section,36,12,0,Total,0,employment sizeband,1000,0,0,Total,0,legal status,1000,0,20100,Value,57185,A,Normal Value,F,Free (free for publication),Nm-142d1d32208e0d2092957697d150994962d0d0d20100,60,256
2013,2013,2013,date,0,3,2092957697,United Kingdom,K02000001,countries,499,0,150994963,S : Other service activities,S,SIC 2007 section,36,13,0,Total,0,employment sizeband,1000,0,0,Total,0,legal status,1000,0,20100,Value,88405,A,Normal Value,F,Free (free for publication),Nm-142d1d32208e0d2092957697d150994963d0d0d20100,61,256
2013,2013,2013,date,0,3,2092957697,United Kingdom,K02000001,countries,499,0,150994964,T : Activities of households as employers;undifferentiated goods-and services-producing activities of households for own use,T,SIC 2007 section,36,14,0,Total,0,employment sizeband,1000,0,0,Total,0,legal status,1000,0,20100,Value,0,A,Normal Value,F,Free (free for publication),Nm-142d1d32208e0d2092957697d150994964d0d0d20100,62,256
2013,2013,2013,date,0,3,2092957697,United Kingdom,K02000001,countries,499,0,150994965,U : Activities of extraterritorial organisations and bodies,U,SIC 2007 section,36,15,0,Total,0,employment sizeband,1000,0,0,Total,0,legal status,1000,0,20100,Value,10,A,Normal Value,F,Free (free for publication),Nm-142d1d32208e0d2092957697d150994965d0d0d20100,63,256
2014,2014,2014,date,0,4,2092957697,United Kingdom,K02000001,countries,499,0,150994945,"A : Agriculture, forestry and fishing",A,SIC 2007 section,36,0,0,Total,0,employment sizeband,1000,0,0,Total,0,legal status,1000,0,20100,Value,145280,A,Normal Value,F,Free (free for publication),Nm-142d1d32224e0d2092957697d150994945d0d0d20100,64,256
2014,2014,2014,date,0,4,2092957697,United Kingdom,K02000001,countries,499,0,150994946,B : Mining and quarrying,B,SIC 2007 section,36,1,0,Total,0,employment sizeband,1000,0,0,Total,0,legal status,1000,0,20100,Value,1180,A,Normal Value,F,Free (free for publication),Nm-142d1d32224e0d2092957697d150994946d0d0d20100,65,256
2014,2014,2014,date,0,4,2092957697,United Kingdom,K02000001,countries,499,0,150994947,C : Manufacturing,C,SIC 2007 section,36,2,0,Total,0,employment sizeband,1000,0,0,Total,0,legal status,1000,0,20100,Value,126355,A,Normal Value,F,Free (free for publication),Nm-142d1d32224e0d2092957697d150994947d0d0d20100,66,256
2014,2014,2014,date,0,4,2092957697,United Kingdom,K02000001,countries,499,0,150994948,"D : Electricity, gas, steam and air conditioning supply",D,SIC 2007 section,36,3,0,Total,0,employment sizeband,1000,0,0,Total,0,legal status,1000,0,20100,Value,2735,A,Normal Value,F,Free (free for publication),Nm-142d1d32224e0d2092957697d150994948d0d0d20100,67,256
2014,2014,2014,date,0,4,2092957697,United Kingdom,K02000001,countries,499,0,150994949,"E : Water supply; sewerage, waste management and remediation activities",E,SIC 2007 section,36,4,0,Total,0,employment sizeband,1000,0,0,Total,0,legal status,1000,0,20100,Value,7100,A,Normal Value,F,Free (free for publication),Nm-142d1d32224e0d2092957697d150994949d0d0d20100,68,256
2014,2014,2014,date,0,4,2092957697,United Kingdom,K02000001,countries,499,0,150994950,F : Construction,F,SIC 2007 section,36,5,0,Total,0,employment sizeband,1000,0,0,Total,0,legal status,1000,0,20100,Value,266315,A,Normal Value,F,Free (free for publication),Nm-142d1d32224e0d2092957697d150994950d0d0d20100,69,256
2014,2014,2014,date,0,4,2092957697,United Kingdom,K02000001,countries,499,0,150994951,G : Wholesale and retail trade; repair of motor vehicles and motorcycles,G,SIC 2007 section,36,6,0,Total,0,employment sizeband,1000,0,0,Total,0,legal status,1000,0,20100,Value,362685,A,Normal Value,F,Free (free for publication),Nm-142d1d32224e0d2092957697d150994951d0d0d20100,70,256
2014,2014,2014,date,0,4,2092957697,United Kingdom,K02000001,countries,499,0,150994952,H : Transportation and storage,H,SIC 2007 section,36,7,0,Total,0,employment sizeband,1000,0,0,Total,0,legal status,1000,0,20100,Value,72070,A,Normal Value,F,Free (free for publication),Nm-142d1d32224e0d2092957697d150994952d0d0d20100,71,256
2014,2014,2014,date,0,4,2092957697,United Kingdom,K02000001,countries,499,0,150994953,I : Accommodation and food service activities,I,SIC 2007 section,36,8,0,Total,0,employment sizeband,1000,0,0,Total,0,legal status,1000,0,20100,Value,132810,A,Normal Value,F,Free (free for publication),Nm-142d1d32224e0d2092957697d150994953d0d0d20100,72,256
2014,2014,2014,date,0,4,2092957697,United Kingdom,K02000001,countries,499,0,150994954,J : Information and communication,J,SIC 2007 section,36,9,0,Total,0,employment sizeband,1000,0,0,Total,0,legal status,1000,0,20100,Value,179120,A,Normal Value,F,Free (free for publication),Nm-142d1d32224e0d2092957697d150994954d0d0d20100,73,256
2014,2014,2014,date,0,4,2092957697,United Kingdom,K02000001,countries,499,0,150994957,"M : Professional, scientific and technical activities",M,SIC 2007 section,36,10,0,Total,0,employment sizeband,1000,0,0,Total,0,legal status,1000,0,20100,Value,395695,A,Normal Value,F,Free (free for publication),Nm-142d1d32224e0d2092957697d150994957d0d0d20100,74,256
2014,2014,2014,date,0,4,2092957697,United Kingdom,K02000001,countries,499,0,150994958,N : Administrative and support service activities,N,SIC 2007 section,36,11,0,Total,0,employment sizeband,1000,0,0,Total,0,legal status,1000,0,20100,Value,156825,A,Normal Value,F,Free (free for publication),Nm-142d1d32224e0d2092957697d150994958d0d0d20100,75,256
2014,2014,2014,date,0,4,2092957697,United Kingdom,K02000001,countries,499,0,150994962,"R : Arts, entertainment and recreation",R,SIC 2007 section,36,12,0,Total,0,employment sizeband,1000,0,0,Total,0,legal status,1000,0,20100,Value,58100,A,Normal Value,F,Free (free for publication),Nm-142d1d32224e0d2092957697d150994962d0d0d20100,76,256
2014,2014,2014,date,0,4,2092957697,United Kingdom,K02000001,countries,499,0,150994963,S : Other service activities,S,SIC 2007 section,36,13,0,Total,0,employment sizeband,1000,0,0,Total,0,legal status,1000,0,20100,Value,89490,A,Normal Value,F,Free (free for publication),Nm-142d1d32224e0d2092957697d150994963d0d0d20100,77,256
2014,2014,2014,date,0,4,2092957697,United Kingdom,K02000001,countries,499,0,150994964,T : Activities of households as employers;undifferentiated goods-and services-producing activities of households for own use,T,SIC 2007 section,36,14,0,Total,0,employment sizeband,1000,0,0,Total,0,legal status,1000,0,20100,Value,0,A,Normal Value,F,Free (free for publication),Nm-142d1d32224e0d2092957697d150994964d0d0d20100,78,256
2014,2014,2014,date,0,4,2092957697,United Kingdom,K02000001,countries,499,0,150994965,U : Activities of extraterritorial organisations and bodies,U,SIC 2007 section,36,15,0,Total,0,employment sizeband,1000,0,0,Total,0,legal status,1000,0,20100,Value,10,A,Normal Value,F,Free (free for publication),Nm-142d1d32224e0d2092957697d150994965d0d0d20100,79,256
2015,2015,2015,date,0,5,2092957697,United Kingdom,K02000001,countries,499,0,150994945,"A : Agriculture, forestry and fishing",A,SIC 2007 section,36,0,0,Total,0,employment sizeband,1000,0,0,Total,0,legal status,1000,0,20100,Value,146905,A,Normal Value,F,Free (free for publication),Nm-142d1d32240e1d2092957697d150994945d0d0d20100,80,256
2015,2015,2015,date,0,5,2092957697,United Kingdom,K02000001,countries,499,0,150994946,B : Mining and quarrying,B,SIC 2007 section,36,1,0,Total,0,employment sizeband,1000,0,0,Total,0,legal status,1000,0,20100,Value,1200,A,Normal Value,F,Free (free for publication),Nm-142d1d32240e1d2092957697d150994946d0d0d20100,81,256
2015,2015,2015,date,0,5,2092957697,United Kingdom,K02000001,countries,499,0,150994947,C : Manufacturing,C,SIC 2007 section,36,2,0,Total,0,employment sizeband,1000,0,0,Total,0,legal status,1000,0,20100,Value,130140,A,Normal Value,F,Free (free for publication),Nm-142d1d32240e1d2092957697d150994947d0d0d20100,82,256
2015,2015,2015,date,0,5,2092957697,United Kingdom,K02000001,countries,499,0,150994948,"D : Electricity, gas, steam and air conditioning supply",D,SIC 2007 section,36,3,0,Total,0,employment sizeband,1000,0,0,Total,0,legal status,1000,0,20100,Value,3570,A,Normal Value,F,Free (free for publication),Nm-142d1d32240e1d2092957697d150994948d0d0d20100,83,256
2015,2015,2015,date,0,5,2092957697,United Kingdom,K02000001,countries,499,0,150994949,"E : Water supply; sewerage, waste management and remediation activities",E,SIC 2007 section,36,4,0,Total,0,employment sizeband,1000,0,0,Total,0,legal status,1000,0,20100,Value,7165,A,Normal Value,F,Free (free for publication),Nm-142d1d32240e1d2092957697d150994949d0d0d20100,84,256
2015,2015,2015,date,0,5,2092957697,United Kingdom,K02000001,countries,499,0,150994950,F : Construction,F,SIC 2007 section,36,5,0,Total,0,employment sizeband,1000,0,0,Total,0,legal status,1000,0,20100,Value,284430,A,Normal Value,F,Free (free for publication),Nm-142d1d32240e1d2092957697d150994950d0d0d20100,85,256
2015,2015,2015,date,0,5,2092957697,United Kingdom,K02000001,countries,499,0,150994951,G : Wholesale and retail trade; repair of motor vehicles and motorcycles,G,SIC 2007 section,36,6,0,Total,0,employment sizeband,1000,0,0,Total,0,legal status,1000,0,20100,Value,368600,A,Normal Value,F,Free (free for publication),Nm-142d1d32240e1d2092957697d150994951d0d0d20100,86,256
2015,2015,2015,date,0,5,2092957697,United Kingdom,K02000001,countries,499,0,150994952,H : Transportation and storage,H,SIC 2007 section,36,7,0,Total,0,employment sizeband,1000,0,0,Total,0,legal status,1000,0,20100,Value,82580,A,Normal Value,F,Free (free for publication),Nm-142d1d32240e1d2092957697d150994952d0d0d20100,87,256
2015,2015,2015,date,0,5,2092957697,United Kingdom,K02000001,countries,499,0,150994953,I : Accommodation and food service activities,I,SIC 2007 section,36,8,0,Total,0,employment sizeband,1000,0,0,Total,0,legal status,1000,0,20100,Value,146480,A,Normal Value,F,Free (free for publication),Nm-142d1d32240e1d2092957697d150994953d0d0d20100,88,256
2015,2015,2015,date,0,5,2092957697,United Kingdom,K02000001,countries,499,0,150994954,J : Information and communication,J,SIC 2007 section,36,9,0,Total,0,employment sizeband,1000,0,0,Total,0,legal status,1000,0,20100,Value,192725,A,Normal Value,F,Free (free for publication),Nm-142d1d32240e1d2092957697d150994954d0d0d20100,89,256
2015,2015,2015,date,0,5,2092957697,United Kingdom,K02000001,countries,499,0,150994957,"M : Professional, scientific and technical activities",M,SIC 2007 section,36,10,0,Total,0,employment sizeband,1000,0,0,Total,0,legal status,1000,0,20100,Value,435650,A,Normal Value,F,Free (free for publication),Nm-142d1d32240e1d2092957697d150994957d0d0d20100,90,256
2015,2015,2015,date,0,5,2092957697,United Kingdom,K02000001,countries,499,0,150994958,N : Administrative and support service activities,N,SIC 2007 section,36,11,0,Total,0,employment sizeband,1000,0,0,Total,0,legal status,1000,0,20100,Value,194245,A,Normal Value,F,Free (free for publication),Nm-142d1d32240e1d2092957697d150994958d0d0d20100,91,256
2015,2015,2015,date,0,5,2092957697,United Kingdom,K02000001,countries,499,0,150994962,"R : Arts, entertainment and recreation",R,SIC 2007 section,36,12,0,Total,0,employment sizeband,1000,0,0,Total,0,legal status,1000,0,20100,Value,60805,A,Normal Value,F,Free (free for publication),Nm-142d1d32240e1d2092957697d150994962d0d0d20100,92,256
2015,2015,2015,date,0,5,2092957697,United Kingdom,K02000001,countries,499,0,150994963,S : Other service activities,S,SIC 2007 section,36,13,0,Total,0,employment sizeband,1000,0,0,Total,0,legal status,1000,0,20100,Value,104875,A,Normal Value,F,Free (free for publication),Nm-142d1d32240e1d2092957697d150994963d0d0d20100,93,256
2015,2015,2015,date,0,5,2092957697,United Kingdom,K02000001,countries,499,0,150994964,T : Activities of households as employers;undifferentiated goods-and services-producing activities of households for own use,T,SIC 2007 section,36,14,0,Total,0,employment sizeband,1000,0,0,Total,0,legal status,1000,0,20100,Value,0,A,Normal Value,F,Free (free for publication),Nm-142d1d32240e1d2092957697d150994964d0d0d20100,94,256
2015,2015,2015,date,0,5,2092957697,United Kingdom,K02000001,countries,499,0,150994965,U : Activities of extraterritorial organisations and bodies,U,SIC 2007 section,36,15,0,Total,0,employment sizeband,1000,0,0,Total,0,legal status,1000,0,20100,Value,5,A,Normal Value,F,Free (free for publication),Nm-142d1d32240e1d2092957697d150994965d0d0d20100,95,256
2016,2016,2016,date,0,6,2092957697,United Kingdom,K02000001,countries,499,0,150994945,"A : Agriculture, forestry and fishing",A,SIC 2007 section,36,0,0,Total,0,employment sizeband,1000,0,0,Total,0,legal status,1000,0,20100,Value,147600,A,Normal Value,F,Free (free for publication),Nm-142d1d32256e0d2092957697d150994945d0d0d20100,96,256
2016,2016,2016,date,0,6,2092957697,United Kingdom,K02000001,countries,499,0,150994946,B : Mining and quarrying,B,SIC 2007 section,36,1,0,Total,0,employment sizeband,1000,0,0,Total,0,legal status,1000,0,20100,Value,1205,A,Normal Value,F,Free (free for publication),Nm-142d1d32256e0d2092957697d150994946d0d0d20100,97,256
2016,2016,2016,date,0,6,2092957697,United Kingdom,K02000001,countries,499,0,150994947,C : Manufacturing,C,SIC 2007 section,36,2,0,Total,0,employment sizeband,1000,0,0,Total,0,legal status,1000,0,20100,Value,133250,A,Normal Value,F,Free (free for publication),Nm-142d1d32256e0d2092957697d150994947d0d0d20100,98,256
2016,2016,2016,date,0,6,2092957697,United Kingdom,K02000001,countries,499,0,150994948,"D : Electricity, gas, steam and air conditioning supply",D,SIC 2007 section,36,3,0,Total,0,employment sizeband,1000,0,0,Total,0,legal status,1000,0,20100,Value,4540,A,Normal Value,F,Free (free for publication),Nm-142d1d32256e0d2092957697d150994948d0d0d20100,99,256
2016,2016,2016,date,0,6,2092957697,United Kingdom,K02000001,countries,499,0,150994949,"E : Water supply; sewerage, waste management and remediation activities",E,SIC 2007 section,36,4,0,Total,0,employment sizeband,1000,0,0,Total,0,legal status,1000,0,20100,Value,7325,A,Normal Value,F,Free (free for publication),Nm-142d1d32256e0d2092957697d150994949d0d0d20100,100,256
2016,2016,2016,date,0,6,2092957697,United Kingdom,K02000001,countries,499,0,150994950,F : Construction,F,SIC 2007 section,36,5,0,Total,0,employment sizeband,1000,0,0,Total,0,legal status,1000,0,20100,Value,301855,A,Normal Value,F,Free (free for publication),Nm-142d1d32256e0d2092957697d150994950d0d0d20100,101,256
2016,2016,2016,date,0,6,2092957697,United Kingdom,K02000001,countries,499,0,150994951,G : Wholesale and retail trade; repair of motor vehicles and motorcycles,G,SIC 2007 section,36,6,0,Total,0,employment sizeband,1000,0,0,Total,0,legal status,1000,0,20100,Value,369835,A,Normal Value,F,Free (free for publication),Nm-142d1d32256e0d2092957697d150994951d0d0d20100,102,256
2016,2016,2016,date,0,6,2092957697,United Kingdom,K02000001,countries,499,0,150994952,H : Transportation and storage,H,SIC 2007 section,36,7,0,Total,0,employment sizeband,1000,0,0,Total,0,legal status,1000,0,20100,Value,92860,A,Normal Value,F,Free (free for publication),Nm-142d1d32256e0d2092957697d150994952d0d0d20100,103,256
2016,2016,2016,date,0,6,2092957697,United Kingdom,K02000001,countries,499,0,150994953,I : Accommodation and food service activities,I,SIC 2007 section,36,8,0,Total,0,employment sizeband,1000,0,0,Total,0,legal status,1000,0,20100,Value,148020,A,Normal Value,F,Free (free for publication),Nm-142d1d32256e0d2092957697d150994953d0d0d20100,104,256
2016,2016,2016,date,0,6,2092957697,United Kingdom,K02000001,countries,499,0,150994954,J : Information and communication,J,SIC 2007 section,36,9,0,Total,0,employment sizeband,1000,0,0,Total,0,legal status,1000,0,20100,Value,206960,A,Normal Value,F,Free (free for publication),Nm-142d1d32256e0d2092957697d150994954d0d0d20100,105,256
2016,2016,2016,date,0,6,2092957697,United Kingdom,K02000001,countries,499,0,150994957,"M : Professional, scientific and technical activities",M,SIC 2007 section,36,10,0,Total,0,employment sizeband,1000,0,0,Total,0,legal status,1000,0,20100,Value,458600,A,Normal Value,F,Free (free for publication),Nm-142d1d32256e0d2092957697d150994957d0d0d20100,106,256
2016,2016,2016,date,0,6,2092957697,United Kingdom,K02000001,countries,499,0,150994958,N : Administrative and support service activities,N,SIC 2007 section,36,11,0,Total,0,employment sizeband,1000,0,0,Total,0,legal status,1000,0,20100,Value,208465,A,Normal Value,F,Free (free for publication),Nm-142d1d32256e0d2092957697d150994958d0d0d20100,107,256
2016,2016,2016,date,0,6,2092957697,United Kingdom,K02000001,countries,499,0,150994962,"R : Arts, entertainment and recreation",R,SIC 2007 section,36,12,0,Total,0,employment sizeband,1000,0,0,Total,0,legal status,1000,0,20100,Value,62230,A,Normal Value,F,Free (free for publication),Nm-142d1d32256e0d2092957697d150994962d0d0d20100,108,256
2016,2016,2016,date,0,6,2092957697,United Kingdom,K02000001,countries,499,0,150994963,S : Other service activities,S,SIC 2007 section,36,13,0,Total,0,employment sizeband,1000,0,0,Total,0,legal status,1000,0,20100,Value,106015,A,Normal Value,F,Free (free for publication),Nm-142d1d32256e0d2092957697d150994963d0d0d20100,109,256
2016,2016,2016,date,0,6,2092957697,United Kingdom,K02000001,countries,499,0,150994964,T : Activities of households as employers;undifferentiated goods-and services-producing activities of households for own use,T,SIC 2007 section,36,14,0,Total,0,employment sizeband,1000,0,0,Total,0,legal status,1000,0,20100,Value,0,A,Normal Value,F,Free (free for publication),Nm-142d1d32256e0d2092957697d150994964d0d0d20100,110,256
2016,2016,2016,date,0,6,2092957697,United Kingdom,K02000001,countries,499,0,150994965,U : Activities of extraterritorial organisations and bodies,U,SIC 2007 section,36,15,0,Total,0,employment sizeband,1000,0,0,Total,0,legal status,1000,0,20100,Value,5,A,Normal Value,F,Free (free for publication),Nm-142d1d32256e0d2092957697d150994965d0d0d20100,111,256
2017,2017,2017,date,0,7,2092957697,United Kingdom,K02000001,countries,499,0,150994945,"A : Agriculture, forestry and fishing",A,SIC 2007 section,36,0,0,Total,0,employment sizeband,1000,0,0,Total,0,legal status,1000,0,20100,Value,147795,A,Normal Value,F,Free (free for publication),Nm-142d1d32272e0d2092957697d150994945d0d0d20100,112,256
2017,2017,2017,date,0,7,2092957697,United Kingdom,K02000001,countries,499,0,150994946,B : Mining and quarrying,B,SIC 2007 section,36,1,0,Total,0,employment sizeband,1000,0,0,Total,0,legal status,1000,0,20100,Value,1170,A,Normal Value,F,Free (free for publication),Nm-142d1d32272e0d2092957697d150994946d0d0d20100,113,256
2017,2017,2017,date,0,7,2092957697,United Kingdom,K02000001,countries,499,0,150994947,C : Manufacturing,C,SIC 2007 section,36,2,0,Total,0,employment sizeband,1000,0,0,Total,0,legal status,1000,0,20100,Value,135250,A,Normal Value,F,Free (free for publication),Nm-142d1d32272e0d2092957697d150994947d0d0d20100,114,256
2017,2017,2017,date,0,7,2092957697,United Kingdom,K02000001,countries,499,0,150994948,"D : Electricity, gas, steam and air conditioning supply",D,SIC 2007 section,36,3,0,Total,0,employment sizeband,1000,0,0,Total,0,legal status,1000,0,20100,Value,5005,A,Normal Value,F,Free (free for publication),Nm-142d1d32272e0d2092957697d150994948d0d0d20100,115,256
2017,2017,2017,date,0,7,2092957697,United Kingdom,K02000001,countries,499,0,150994949,"E : Water supply; sewerage, waste management and remediation activities",E,SIC 2007 section,36,4,0,Total,0,employment sizeband,1000,0,0,Total,0,legal status,1000,0,20100,Value,7445,A,Normal Value,F,Free (free for publication),Nm-142d1d32272e0d2092957697d150994949d0d0d20100,116,256
2017,2017,2017,date,0,7,2092957697,United Kingdom,K02000001,countries,499,0,150994950,F : Construction,F,SIC 2007 section,36,5,0,Total,0,employment sizeband,1000,0,0,Total,0,legal status,1000,0,20100,Value,319860,A,Normal Value,F,Free (free for publication),Nm-142d1d32272e0d2092957697d150994950d0d0d20100,117,256
2017,2017,2017,date,0,7,2092957697,United Kingdom,K02000001,countries,499,0,150994951,G : Wholesale and retail trade; repair of motor vehicles and motorcycles,G,SIC 2007 section,36,6,0,Total,0,employment sizeband,1000,0,0,Total,0,legal status,1000,0,20100,Value,375290,A,Normal Value,F,Free (free for publication),Nm-142d1d32272e0d2092957697d150994951d0d0d20100,118,256
2017,2017,2017,date,0,7,2092957697,United Kingdom,K02000001,countries,499,0,150994952,H : Transportation and storage,H,SIC 2007 section,36,7,0,Total,0,employment sizeband,1000,0,0,Total,0,legal status,1000,0,20100,Value,109290,A,Normal Value,F,Free (free for publication),Nm-142d1d32272e0d2092957697d150994952d0d0d20100,119,256
2017,2017,2017,date,0,7,2092957697,United Kingdom,K02000001,countries,499,0,150994953,I : Accommodation and food service activities,I,SIC 2007 section,36,8,0,Total,0,employment sizeband,1000,0,0,Total,0,legal status,1000,0,20100,Value,150290,A,Normal Value,F,Free (free for publication),Nm-142d1d32272e0d2092957697d150994953d0d0d20100,120,256
2017,2017,2017,date,0,7,2092957697,United Kingdom,K02000001,countries,499,0,150994954,J : Information and communication,J,SIC 2007 section,36,9,0,Total,0,employment sizeband,1000,0,0,Total,0,legal status,1000,0,20100,Value,217025,A,Normal Value,F,Free (free for publication),Nm-142d1d32272e0d2092957697d150994954d0d0d20100,121,256
2017,2017,2017,date,0,7,2092957697,United Kingdom,K02000001,countries,499,0,150994957,"M : Professional, scientific and technical activities",M,SIC 2007 section,36,10,0,Total,0,employment sizeband,1000,0,0,Total,0,legal status,1000,0,20100,Value,478825,A,Normal Value,F,Free (free for publication),Nm-142d1d32272e0d2092957697d150994957d0d0d20100,122,256
2017,2017,2017,date,0,7,2092957697,United Kingdom,K02000001,countries,499,0,150994958,N : Administrative and support service activities,N,SIC 2007 section,36,11,0,Total,0,employment sizeband,1000,0,0,Total,0,legal status,1000,0,20100,Value,228185,A,Normal Value,F,Free (free for publication),Nm-142d1d32272e0d2092957697d150994958d0d0d20100,123,256
2017,2017,2017,date,0,7,2092957697,United Kingdom,K02000001,countries,499,0,150994962,"R : Arts, entertainment and recreation",R,SIC 2007 section,36,12,0,Total,0,employment sizeband,1000,0,0,Total,0,legal status,1000,0,20100,Value,63235,A,Normal Value,F,Free (free for publication),Nm-142d1d32272e0d2092957697d150994962d0d0d20100,124,256
2017,2017,2017,date,0,7,2092957697,United Kingdom,K02000001,countries,499,0,150994963,S : Other service activities,S,SIC 2007 section,36,13,0,Total,0,employment sizeband,1000,0,0,Total,0,legal status,1000,0,20100,Value,105695,A,Normal Value,F,Free (free for publication),Nm-142d1d32272e0d2092957697d150994963d0d0d20100,125,256
2017,2017,2017,date,0,7,2092957697,United Kingdom,K02000001,countries,499,0,150994964,T : Activities of households as employers;undifferentiated goods-and services-producing activities of households for own use,T,SIC 2007 section,36,14,0,Total,0,employment sizeband,1000,0,0,Total,0,legal status,1000,0,20100,Value,0,A,Normal Value,F,Free (free for publication),Nm-142d1d32272e0d2092957697d150994964d0d0d20100,126,256
2017,2017,2017,date,0,7,2092957697,United Kingdom,K02000001,countries,499,0,150994965,U : Activities of extraterritorial organisations and bodies,U,SIC 2007 section,36,15,0,Total,0,employment sizeband,1000,0,0,Total,0,legal status,1000,0,20100,Value,5,A,Normal Value,F,Free (free for publication),Nm-142d1d32272e0d2092957697d150994965d0d0d20100,127,256
2018,2018,2018,date,0,8,2092957697,United Kingdom,K02000001,countries,499,0,150994945,"A : Agriculture, forestry and fishing",A,SIC 2007 section,36,0,0,Total,0,employment sizeband,1000,0,0,Total,0,legal status,1000,0,20100,Value,149165,A,Normal Value,F,Free (free for publication),Nm-142d1d32288e0d2092957697d150994945d0d0d20100,128,256
2018,2018,2018,date,0,8,2092957697,United Kingdom,K02000001,countries,499,0,150994946,B : Mining and quarrying,B,SIC 2007 section,36,1,0,Total,0,employment sizeband,1000,0,0,Total,0,legal status,1000,0,20100,Value,1205,A,Normal Value,F,Free (free for publication),Nm-142d1d32288e0d2092957697d150994946d0d0d20100,129,256
2018,2018,2018,date,0,8,2092957697,United Kingdom,K02000001,countries,499,0,150994947,C : Manufacturing,C,SIC 2007 section,36,2,0,Total,0,employment sizeband,1000,0,0,Total,0,legal status,1000,0,20100,Value,136105,A,Normal Value,F,Free (free for publication),Nm-142d1d32288e0d2092957697d150994947d0d0d20100,130,256
2018,2018,2018,date,0,8,2092957697,United Kingdom,K02000001,countries,499,0,150994948,"D : Electricity, gas, steam and air conditioning supply",D,SIC 2007 section,36,3,0,Total,0,employment sizeband,1000,0,0,Total,0,legal status,1000,0,20100,Value,5455,A,Normal Value,F,Free (free for publication),Nm-142d1d32288e0d2092957697d150994948d0d0d20100,131,256
2018,2018,2018,date,0,8,2092957697,United Kingdom,K02000001,countries,499,0,150994949,"E : Water supply; sewerage, waste management and remediation activities",E,SIC 2007 section,36,4,0,Total,0,employment sizeband,1000,0,0,Total,0,legal status,1000,0,20100,Value,7665,A,Normal Value,F,Free (free for publication),Nm-142d1d32288e0d2092957697d150994949d0d0d20100,132,256
2018,2018,2018,date,0,8,2092957697,United Kingdom,K02000001,countries,499,0,150994950,F : Construction,F,SIC 2007 section,36,5,0,Total,0,employment sizeband,1000,0,0,Total,0,legal status,1000,0,20100,Value,331565,A,Normal Value,F,Free (free for publication),Nm-142d1d32288e0d2092957697d150994950d0d0d20100,133,256
2018,2018,2018,date,0,8,2092957697,United Kingdom,K02000001,countries,499,0,150994951,G : Wholesale and retail trade; repair of motor vehicles and motorcycles,G,SIC 2007 section,36,6,0,Total,0,employment sizeband,1000,0,0,Total,0,legal status,1000,0,20100,Value,380230,A,Normal Value,F,Free (free for publication),Nm-142d1d32288e0d2092957697d150994951d0d0d20100,134,256
2018,2018,2018,date,0,8,2092957697,United Kingdom,K02000001,countries,499,0,150994952,H : Transportation and storage,H,SIC 2007 section,36,7,0,Total,0,employment sizeband,1000,0,0,Total,0,legal status,1000,0,20100,Value,108985,A,Normal Value,F,Free (free for publication),Nm-142d1d32288e0d2092957697d150994952d0d0d20100,135,256
2018,2018,2018,date,0,8,2092957697,United Kingdom,K02000001,countries,499,0,150994953,I : Accommodation and food service activities,I,SIC 2007 section,36,8,0,Total,0,employment sizeband,1000,0,0,Total,0,legal status,1000,0,20100,Value,153105,A,Normal Value,F,Free (free for publication),Nm-142d1d32288e0d2092957697d150994953d0d0d20100,136,256
2018,2018,2018,date,0,8,2092957697,United Kingdom,K02000001,countries,499,0,150994954,J : Information and communication,J,SIC 2007 section,36,9,0,Total,0,employment sizeband,1000,0,0,Total,0,legal status,1000,0,20100,Value,219145,A,Normal Value,F,Free (free for publication),Nm-142d1d32288e0d2092957697d150994954d0d0d20100,137,256
2018,2018,2018,date,0,8,2092957697,United Kingdom,K02000001,countries,499,0,150994957,"M : Professional, scientific and technical activities",M,SIC 2007 section,36,10,0,Total,0,employment sizeband,1000,0,0,Total,0,legal status,1000,0,20100,Value,468165,A,Normal Value,F,Free (free for publication),Nm-142d1d32288e0d2092957697d150994957d0d0d20100,138,256
2018,2018,2018,date,0,8,2092957697,United Kingdom,K02000001,countries,499,0,150994958,N : Administrative and support service activities,N,SIC 2007 section,36,11,0,Total,0,employment sizeband,1000,0,0,Total,0,legal status,1000,0,20100,Value,223570,A,Normal Value,F,Free (free for publication),Nm-142d1d32288e0d2092957697d150994958d0d0d20100,139,256
2018,2018,2018,date,0,8,2092957697,United Kingdom,K02000001,countries,499,0,150994962,"R : Arts, entertainment and recreation",R,SIC 2007 section,36,12,0,Total,0,employment sizeband,1000,0,0,Total,0,legal status,1000,0,20100,Value,64800,A,Normal Value,F,Free (free for publication),Nm-142d1d32288e0d2092957697d150994962d0d0d20100,140,256
2018,2018,2018,date,0,8,2092957697,United Kingdom,K02000001,countries,499,0,150994963,S : Other service activities,S,SIC 2007 section,36,13,0,Total,0,employment sizeband,1000,0,0,Total,0,legal status,1000,0,20100,Value,105770,A,Normal Value,F,Free (free for publication),Nm-142d1d32288e0d2092957697d150994963d0d0d20100,141,256
2018,2018,2018,date,0,8,2092957697,United Kingdom,K02000001,countries,499,0,150994964,T : Activities of households as employers;undifferentiated goods-and services-producing activities of households for own use,T,SIC 2007 section,36,14,0,Total,0,employment sizeband,1000,0,0,Total,0,legal status,1000,0,20100,Value,5,A,Normal Value,F,Free (free for publication),Nm-142d1d32288e0d2092957697d150994964d0d0d20100,142,256
2018,2018,2018,date,0,8,2092957697,United Kingdom,K02000001,countries,499,0,150994965,U : Activities of extraterritorial organisations and bodies,U,SIC 2007 section,36,15,0,Total,0,employment sizeband,1000,0,0,Total,0,legal status,1000,0,20100,Value,5,A,Normal Value,F,Free (free for publication),Nm-142d1d32288e0d2092957697d150994965d0d0d20100,143,256
2019,2019,2019,date,0,9,2092957697,United Kingdom,K02000001,countries,499,0,150994945,"A : Agriculture, forestry and fishing",A,SIC 2007 section,36,0,0,Total,0,employment sizeband,1000,0,0,Total,0,legal status,1000,0,20100,Value,149540,A,Normal Value,F,Free (free for publication),Nm-142d1d32304e0d2092957697d150994945d0d0d20100,144,256
2019,2019,2019,date,0,9,2092957697,United Kingdom,K02000001,countries,499,0,150994946,B : Mining and quarrying,B,SIC 2007 section,36,1,0,Total,0,employment sizeband,1000,0,0,Total,0,legal status,1000,0,20100,Value,1255,A,Normal Value,F,Free (free for publication),Nm-142d1d32304e0d2092957697d150994946d0d0d20100,145,256
2019,2019,2019,date,0,9,2092957697,United Kingdom,K02000001,countries,499,0,150994947,C : Manufacturing,C,SIC 2007 section,36,2,0,Total,0,employment sizeband,1000,0,0,Total,0,legal status,1000,0,20100,Value,137360,A,Normal Value,F,Free (free for publication),Nm-142d1d32304e0d2092957697d150994947d0d0d20100,146,256
2019,2019,2019,date,0,9,2092957697,United Kingdom,K02000001,countries,499,0,150994948,"D : Electricity, gas, steam and air conditioning supply",D,SIC 2007 section,36,3,0,Total,0,employment sizeband,1000,0,0,Total,0,legal status,1000,0,20100,Value,5555,A,Normal Value,F,Free (free for publication),Nm-142d1d32304e0d2092957697d150994948d0d0d20100,147,256
2019,2019,2019,date,0,9,2092957697,United Kingdom,K02000001,countries,499,0,150994949,"E : Water supply; sewerage, waste management and remediation activities",E,SIC 2007 section,36,4,0,Total,0,employment sizeband,1000,0,0,Total,0,legal status,1000,0,20100,Value,7845,A,Normal Value,F,Free (free for publication),Nm-142d1d32304e0d2092957697d150994949d0d0d20100,148,256
2019,2019,2019,date,0,9,2092957697,United Kingdom,K02000001,countries,499,0,150994950,F : Construction,F,SIC 2007 section,36,5,0,Total,0,employment sizeband,1000,0,0,Total,0,legal status,1000,0,20100,Value,343715,A,Normal Value,F,Free (free for publication),Nm-142d1d32304e0d2092957697d150994950d0d0d20100,149,256
2019,2019,2019,date,0,9,2092957697,United Kingdom,K02000001,countries,499,0,150994951,G : Wholesale and retail trade; repair of motor vehicles and motorcycles,G,SIC 2007 section,36,6,0,Total,0,employment sizeband,1000,0,0,Total,0,legal status,1000,0,20100,Value,389100,A,Normal Value,F,Free (free for publication),Nm-142d1d32304e0d2092957697d150994951d0d0d20100,150,256
2019,2019,2019,date,0,9,2092957697,United Kingdom,K02000001,countries,499,0,150994952,H : Transportation and storage,H,SIC 2007 section,36,7,0,Total,0,employment sizeband,1000,0,0,Total,0,legal status,1000,0,20100,Value,111360,A,Normal Value,F,Free (free for publication),Nm-142d1d32304e0d2092957697d150994952d0d0d20100,151,256
2019,2019,2019,date,0,9,2092957697,United Kingdom,K02000001,countries,499,0,150994953,I : Accommodation and food service activities,I,SIC 2007 section,36,8,0,Total,0,employment sizeband,1000,0,0,Total,0,legal status,1000,0,20100,Value,157040,A,Normal Value,F,Free (free for publication),Nm-142d1d32304e0d2092957697d150994953d0d0d20100,152,256
2019,2019,2019,date,0,9,2092957697,United Kingdom,K02000001,countries,499,0,150994954,J : Information and communication,J,SIC 2007 section,36,9,0,Total,0,employment sizeband,1000,0,0,Total,0,legal status,1000,0,20100,Value,226215,A,Normal Value,F,Free (free for publication),Nm-142d1d32304e0d2092957697d150994954d0d0d20100,153,256
2019,2019,2019,date,0,9,2092957697,United Kingdom,K02000001,countries,499,0,150994957,"M : Professional, scientific and technical activities",M,SIC 2007 section,36,10,0,Total,0,employment sizeband,1000,0,0,Total,0,legal status,1000,0,20100,Value,471715,A,Normal Value,F,Free (free for publication),Nm-142d1d32304e0d2092957697d150994957d0d0d20100,154,256
2019,2019,2019,date,0,9,2092957697,United Kingdom,K02000001,countries,499,0,150994958,N : Administrative and support service activities,N,SIC 2007 section,36,11,0,Total,0,employment sizeband,1000,0,0,Total,0,legal status,1000,0,20100,Value,228750,A,Normal Value,F,Free (free for publication),Nm-142d1d32304e0d2092957697d150994958d0d0d20100,155,256
2019,2019,2019,date,0,9,2092957697,United Kingdom,K02000001,countries,499,0,150994962,"R : Arts, entertainment and recreation",R,SIC 2007 section,36,12,0,Total,0,employment sizeband,1000,0,0,Total,0,legal status,1000,0,20100,Value,67535,A,Normal Value,F,Free (free for publication),Nm-142d1d32304e0d2092957697d150994962d0d0d20100,156,256
2019,2019,2019,date,0,9,2092957697,United Kingdom,K02000001,countries,499,0,150994963,S : Other service activities,S,SIC 2007 section,36,13,0,Total,0,employment sizeband,1000,0,0,Total,0,legal status,1000,0,20100,Value,106480,A,Normal Value,F,Free (free for publication),Nm-142d1d32304e0d2092957697d150994963d0d0d20100,157,256
2019,2019,2019,date,0,9,2092957697,United Kingdom,K02000001,countries,499,0,150994964,T : Activities of households as employers;undifferentiated goods-and services-producing activities of households for own use,T,SIC 2007 section,36,14,0,Total,0,employment sizeband,1000,0,0,Total,0,legal status,1000,0,20100,Value,5,A,Normal Value,F,Free (free for publication),Nm-142d1d32304e0d2092957697d150994964d0d0d20100,158,256
2019,2019,2019,date,0,9,2092957697,United Kingdom,K02000001,countries,499,0,150994965,U : Activities of extraterritorial organisations and bodies,U,SIC 2007 section,36,15,0,Total,0,employment sizeband,1000,0,0,Total,0,legal status,1000,0,20100,Value,5,A,Normal Value,F,Free (free for publication),Nm-142d1d32304e0d2092957697d150994965d0d0d20100,159,256
2020,2020,2020,date,0,10,2092957697,United Kingdom,K02000001,countries,499,0,150994945,"A : Agriculture, forestry and fishing",A,SIC 2007 section,36,0,0,Total,0,employment sizeband,1000,0,0,Total,0,legal status,1000,0,20100,Value,148845,A,Normal Value,F,Free (free for publication),Nm-142d1d32320e0d2092957697d150994945d0d0d20100,160,256
2020,2020,2020,date,0,10,2092957697,United Kingdom,K02000001,countries,499,0,150994946,B : Mining and quarrying,B,SIC 2007 section,36,1,0,Total,0,employment sizeband,1000,0,0,Total,0,legal status,1000,0,20100,Value,1265,A,Normal Value,F,Free (free for publication),Nm-142d1d32320e0d2092957697d150994946d0d0d20100,161,256
2020,2020,2020,date,0,10,2092957697,United Kingdom,K02000001,countries,499,0,150994947,C : Manufacturing,C,SIC 2007 section,36,2,0,Total,0,employment sizeband,1000,0,0,Total,0,legal status,1000,0,20100,Value,137705,A,Normal Value,F,Free (free for publication),Nm-142d1d32320e0d2092957697d150994947d0d0d20100,162,256
2020,2020,2020,date,0,10,2092957697,United Kingdom,K02000001,countries,499,0,150994948,"D : Electricity, gas, steam and air conditioning supply",D,SIC 2007 section,36,3,0,Total,0,employment sizeband,1000,0,0,Total,0,legal status,1000,0,20100,Value,5710,A,Normal Value,F,Free (free for publication),Nm-142d1d32320e0d2092957697d150994948d0d0d20100,163,256
2020,2020,2020,date,0,10,2092957697,United Kingdom,K02000001,countries,499,0,150994949,"E : Water supply; sewerage, waste management and remediation activities",E,SIC 2007 section,36,4,0,Total,0,employment sizeband,1000,0,0,Total,0,legal status,1000,0,20100,Value,7995,A,Normal Value,F,Free (free for publication),Nm-142d1d32320e0d2092957697d150994949d0d0d20100,164,256
2020,2020,2020,date,0,10,2092957697,United Kingdom,K02000001,countries,499,0,150994950,F : Construction,F,SIC 2007 section,36,5,0,Total,0,employment sizeband,1000,0,0,Total,0,legal status,1000,0,20100,Value,351250,A,Normal Value,F,Free (free for publication),Nm-142d1d32320e0d2092957697d150994950d0d0d20100,165,256
2020,2020,2020,date,0,10,2092957697,United Kingdom,K02000001,countries,499,0,150994951,G : Wholesale and retail trade; repair of motor vehicles and motorcycles,G,SIC 2007 section,36,6,0,Total,0,employment sizeband,1000,0,0,Total,0,legal status,1000,0,20100,Value,387035,A,Normal Value,F,Free (free for publication),Nm-142d1d32320e0d2092957697d150994951d0d0d20100,166,256
2020,2020,2020,date,0,10,2092957697,United Kingdom,K02000001,countries,499,0,150994952,H : Transportation and storage,H,SIC 2007 section,36,7,0,Total,0,employment sizeband,1000,0,0,Total,0,legal status,1000,0,20100,Value,123075,A,Normal Value,F,Free (free for publication),Nm-142d1d32320e0d2092957697d150994952d0d0d20100,167,256
2020,2020,2020,date,0,10,2092957697,United Kingdom,K02000001,countries,499,0,150994953,I : Accommodation and food service activities,I,SIC 2007 section,36,8,0,Total,0,employment sizeband,1000,0,0,Total,0,legal status,1000,0,20100,Value,161695,A,Normal Value,F,Free (free for publication),Nm-142d1d32320e0d2092957697d150994953d0d0d20100,168,256
2020,2020,2020,date,0,10,2092957697,United Kingdom,K02000001,countries,499,0,150994954,J : Information and communication,J,SIC 2007 section,36,9,0,Total,0,employment sizeband,1000,0,0,Total,0,legal status,1000,0,20100,Value,225745,A,Normal Value,F,Free (free for publication),Nm-142d1d32320e0d2092957697d150994954d0d0d20100,169,256
2020,2020,2020,date,0,10,2092957697,United Kingdom,K02000001,countries,499,0,150994957,"M : Professional, scientific and technical activities",M,SIC 2007 section,36,10,0,Total,0,employment sizeband,1000,0,0,Total,0,legal status,1000,0,20100,Value,467595,A,Normal Value,F,Free (free for publication),Nm-142d1d32320e0d2092957697d150994957d0d0d20100,170,256
2020,2020,2020,date,0,10,2092957697,United Kingdom,K02000001,countries,499,0,150994958,N : Administrative and support service activities,N,SIC 2007 section,36,11,0,Total,0,employment sizeband,1000,0,0,Total,0,legal status,1000,0,20100,Value,235755,A,Normal Value,F,Free (free for publication),Nm-142d1d32320e0d2092957697d150994958d0d0d20100,171,256
2020,2020,2020,date,0,10,2092957697,United Kingdom,K02000001,countries,499,0,150994962,"R : Arts, entertainment and recreation",R,SIC 2007 section,36,12,0,Total,0,employment sizeband,1000,0,0,Total,0,legal status,1000,0,20100,Value,68605,A,Normal Value,F,Free (free for publication),Nm-142d1d32320e0d2092957697d150994962d0d0d20100,172,256
2020,2020,2020,date,0,10,2092957697,United Kingdom,K02000001,countries,499,0,150994963,S : Other service activities,S,SIC 2007 section,36,13,0,Total,0,employment sizeband,1000,0,0,Total,0,legal status,1000,0,20100,Value,107100,A,Normal Value,F,Free (free for publication),Nm-142d1d32320e0d2092957697d150994963d0d0d20100,173,256
2020,2020,2020,date,0,10,2092957697,United Kingdom,K02000001,countries,499,0,150994964,T : Activities of households as employers;undifferentiated goods-and services-producing activities of households for own use,T,SIC 2007 section,36,14,0,Total,0,employment sizeband,1000,0,0,Total,0,legal status,1000,0,20100,Value,5,A,Normal Value,F,Free (free for publication),Nm-142d1d32320e0d2092957697d150994964d0d0d20100,174,256
2020,2020,2020,date,0,10,2092957697,United Kingdom,K02000001,countries,499,0,150994965,U : Activities of extraterritorial organisations and bodies,U,SIC 2007 section,36,15,0,Total,0,employment sizeband,1000,0,0,Total,0,legal status,1000,0,20100,Value,5,A,Normal Value,F,Free (free for publication),Nm-142d1d32320e0d2092957697d150994965d0d0d20100,175,256
2021,2021,2021,date,0,11,2092957697,United Kingdom,K02000001,countries,499,0,150994945,"A : Agriculture, forestry and fishing",A,SIC 2007 section,36,0,0,Total,0,employment sizeband,1000,0,0,Total,0,legal status,1000,0,20100,Value,141030,A,Normal Value,F,Free (free for publication),Nm-142d1d32336e0d2092957697d150994945d0d0d20100,176,256
2021,2021,2021,date,0,11,2092957697,United Kingdom,K02000001,countries,499,0,150994946,B : Mining and quarrying,B,SIC 2007 section,36,1,0,Total,0,employment sizeband,1000,0,0,Total,0,legal status,1000,0,20100,Value,1250,A,Normal Value,F,Free (free for publication),Nm-142d1d32336e0d2092957697d150994946d0d0d20100,177,256
2021,2021,2021,date,0,11,2092957697,United Kingdom,K02000001,countries,499,0,150994947,C : Manufacturing,C,SIC 2007 section,36,2,0,Total,0,employment sizeband,1000,0,0,Total,0,legal status,1000,0,20100,Value,140095,A,Normal Value,F,Free (free for publication),Nm-142d1d32336e0d2092957697d150994947d0d0d20100,178,256
2021,2021,2021,date,0,11,2092957697,United Kingdom,K02000001,countries,499,0,150994948,"D : Electricity, gas, steam and air conditioning supply",D,SIC 2007 section,36,3,0,Total,0,employment sizeband,1000,0,0,Total,0,legal status,1000,0,20100,Value,5835,A,Normal Value,F,Free (free for publication),Nm-142d1d32336e0d2092957697d150994948d0d0d20100,179,256
2021,2021,2021,date,0,11,2092957697,United Kingdom,K02000001,countries,499,0,150994949,"E : Water supply; sewerage, waste management and remediation activities",E,SIC 2007 section,36,4,0,Total,0,employment sizeband,1000,0,0,Total,0,legal status,1000,0,20100,Value,8275,A,Normal Value,F,Free (free for publication),Nm-142d1d32336e0d2092957697d150994949d0d0d20100,180,256
2021,2021,2021,date,0,11,2092957697,United Kingdom,K02000001,countries,499,0,150994950,F : Construction,F,SIC 2007 section,36,5,0,Total,0,employment sizeband,1000,0,0,Total,0,legal status,1000,0,20100,Value,359710,A,Normal Value,F,Free (free for publication),Nm-142d1d32336e0d2092957697d150994950d0d0d20100,181,256
2021,2021,2021,date,0,11,2092957697,United Kingdom,K02000001,countries,499,0,150994951,G : Wholesale and retail trade; repair of motor vehicles and motorcycles,G,SIC 2007 section,36,6,0,Total,0,employment sizeband,1000,0,0,Total,0,legal status,1000,0,20100,Value,406420,A,Normal Value,F,Free (free for publication),Nm-142d1d32336e0d2092957697d150994951d0d0d20100,182,256
2021,2021,2021,date,0,11,2092957697,United Kingdom,K02000001,countries,499,0,150994952,H : Transportation and storage,H,SIC 2007 section,36,7,0,Total,0,employment sizeband,1000,0,0,Total,0,legal status,1000,0,20100,Value,138405,A,Normal Value,F,Free (free for publication),Nm-142d1d32336e0d2092957697d150994952d0d0d20100,183,256
2021,2021,2021,date,0,11,2092957697,United Kingdom,K02000001,countries,499,0,150994953,I : Accommodation and food service activities,I,SIC 2007 section,36,8,0,Total,0,employment sizeband,1000,0,0,Total,0,legal status,1000,0,20100,Value,167005,A,Normal Value,F,Free (free for publication),Nm-142d1d32336e0d2092957697d150994953d0d0d20100,184,256
2021,2021,2021,date,0,11,2092957697,United Kingdom,K02000001,countries,499,0,150994954,J : Information and communication,J,SIC 2007 section,36,9,0,Total,0,employment sizeband,1000,0,0,Total,0,legal status,1000,0,20100,Value,212960,A,Normal Value,F,Free (free for publication),Nm-142d1d32336e0d2092957697d150994954d0d0d20100,185,256
2021,2021,2021,date,0,11,2092957697,United Kingdom,K02000001,countries,499,0,150994957,"M : Professional, scientific and technical activities",M,SIC 2007 section,36,10,0,Total,0,employment sizeband,1000,0,0,Total,0,legal status,1000,0,20100,Value,452975,A,Normal Value,F,Free (free for publication),Nm-142d1d32336e0d2092957697d150994957d0d0d20100,186,256
2021,2021,2021,date,0,11,2092957697,United Kingdom,K02000001,countries,499,0,150994958,N : Administrative and support service activities,N,SIC 2007 section,36,11,0,Total,0,employment sizeband,1000,0,0,Total,0,legal status,1000,0,20100,Value,230220,A,Normal Value,F,Free (free for publication),Nm-142d1d32336e0d2092957697d150994958d0d0d20100,187,256
2021,2021,2021,date,0,11,2092957697,United Kingdom,K02000001,countries,499,0,150994962,"R : Arts, entertainment and recreation",R,SIC 2007 section,36,12,0,Total,0,employment sizeband,1000,0,0,Total,0,legal status,1000,0,20100,Value,68260,A,Normal Value,F,Free (free for publication),Nm-142d1d32336e0d2092957697d150994962d0d0d20100,188,256
2021,2021,2021,date,0,11,2092957697,United Kingdom,K02000001,countries,499,0,150994963,S : Other service activities,S,SIC 2007 section,36,13,0,Total,0,employment sizeband,1000,0,0,Total,0,legal status,1000,0,20100,Value,108280,A,Normal Value,F,Free (free for publication),Nm-142d1d32336e0d2092957697d150994963d0d0d20100,189,256
2021,2021,2021,date,0,11,2092957697,United Kingdom,K02000001,countries,499,0,150994964,T : Activities of households as employers;undifferentiated goods-and services-producing activities of households for own use,T,SIC 2007 section,36,14,0,Total,0,employment sizeband,1000,0,0,Total,0,legal status,1000,0,20100,Value,5,A,Normal Value,F,Free (free for publication),Nm-142d1d32336e0d2092957697d150994964d0d0d20100,190,256
2021,2021,2021,date,0,11,2092957697,United Kingdom,K02000001,countries,499,0,150994965,U : Activities of extraterritorial organisations and bodies,U,SIC 2007 section,36,15,0,Total,0,employment sizeband,1000,0,0,Total,0,legal status,1000,0,20100,Value,5,A,Normal Value,F,Free (free for publication),Nm-142d1d32336e0d2092957697d150994965d0d0d20100,191,256
2022,2022,2022,date,0,12,2092957697,United Kingdom,K02000001,countries,499,0,150994945,"A : Agriculture, forestry and fishing",A,SIC 2007 section,36,0,0,Total,0,employment sizeband,1000,0,0,Total,0,legal status,1000,0,20100,Value,142500,A,Normal Value,F,Free (free for publication),Nm-142d1d32352e0d2092957697d150994945d0d0d20100,192,256
2022,2022,2022,date,0,12,2092957697,United Kingdom,K02000001,countries,499,0,150994946,B : Mining and quarrying,B,SIC 2007 section,36,1,0,Total,0,employment sizeband,1000,0,0,Total,0,legal status,1000,0,20100,Value,1265,A,Normal Value,F,Free (free for publication),Nm-142d1d32352e0d2092957697d150994946d0d0d20100,193,256
2022,2022,2022,date,0,12,2092957697,United Kingdom,K02000001,countries,499,0,150994947,C : Manufacturing,C,SIC 2007 section,36,2,0,Total,0,employment sizeband,1000,0,0,Total,0,legal status,1000,0,20100,Value,138440,A,Normal Value,F,Free (free for publication),Nm-142d1d32352e0d2092957697d150994947d0d0d20100,194,256
2022,2022,2022,date,0,12,2092957697,United Kingdom,K02000001,countries,499,0,150994948,"D : Electricity, gas, steam and air conditioning supply",D,SIC 2007 section,36,3,0,Total,0,employment sizeband,1000,0,0,Total,0,legal status,1000,0,20100,Value,6160,A,Normal Value,F,Free (free for publication),Nm-142d1d32352e0d2092957697d150994948d0d0d20100,195,256
2022,2022,2022,date,0,12,2092957697,United Kingdom,K02000001,countries,499,0,150994949,"E : Water supply; sewerage, waste management and remediation activities",E,SIC 2007 section,36,4,0,Total,0,employment sizeband,1000,0,0,Total,0,legal status,1000,0,20100,Value,8660,A,Normal Value,F,Free (free for publication),Nm-142d1d32352e0d2092957697d150994949d0d0d20100,196,256
2022,2022,2022,date,0,12,2092957697,United Kingdom,K02000001,countries,499,0,150994950,F : Construction,F,SIC 2007 section,36,5,0,Total,0,employment sizeband,1000,0,0,Total,0,legal status,1000,0,20100,Value,374980,A,Normal Value,F,Free (free for publication),Nm-142d1d32352e0d2092957697d150994950d0d0d20100,197,256
2022,2022,2022,date,0,12,2092957697,United Kingdom,K02000001,countries,499,0,150994951,G : Wholesale and retail trade; repair of motor vehicles and motorcycles,G,SIC 2007 section,36,6,0,Total,0,employment sizeband,1000,0,0,Total,0,legal status,1000,0,20100,Value,413825,A,Normal Value,F,Free (free for publication),Nm-142d1d32352e0d2092957697d150994951d0d0d20100,198,256
2022,2022,2022,date,0,12,2092957697,United Kingdom,K02000001,countries,499,0,150994952,H : Transportation and storage,H,SIC 2007 section,36,7,0,Total,0,employment sizeband,1000,0,0,Total,0,legal status,1000,0,20100,Value,138160,A,Normal Value,F,Free (free for publication),Nm-142d1d32352e0d2092957697d150994952d0d0d20100,199,256
2022,2022,2022,date,0,12,2092957697,United Kingdom,K02000001,countries,499,0,150994953,I : Accommodation and food service activities,I,SIC 2007 section,36,8,0,Total,0,employment sizeband,1000,0,0,Total,0,legal status,1000,0,20100,Value,175180,A,Normal Value,F,Free (free for publication),Nm-142d1d32352e0d2092957697d150994953d0d0d20100,200,256
2022,2022,2022,date,0,12,2092957697,United Kingdom,K02000001,countries,499,0,150994954,J : Information and communication,J,SIC 2007 section,36,9,0,Total,0,employment sizeband,1000,0,0,Total,0,legal status,1000,0,20100,Value,196090,A,Normal Value,F,Free (free for publication),Nm-142d1d32352e0d2092957697d150994954d0d0d20100,201,256
2022,2022,2022,date,0,12,2092957697,United Kingdom,K02000001,countries,499,0,150994957,"M : Professional, scientific and technical activities",M,SIC 2007 section,36,10,0,Total,0,employment sizeband,1000,0,0,Total,0,legal status,1000,0,20100,Value,430980,A,Normal Value,F,Free (free for publication),Nm-142d1d32352e0d2092957697d150994957d0d0d20100,202,256
2022,2022,2022,date,0,12,2092957697,United Kingdom,K02000001,countries,499,0,150994958,N : Administrative and support service activities,N,SIC 2007 section,36,11,0,Total,0,employment sizeband,1000,0,0,Total,0,legal status,1000,0,20100,Value,228840,A,Normal Value,F,Free (free for publication),Nm-142d1d32352e0d2092957697d150994958d0d0d20100,203,256
2022,2022,2022,date,0,12,2092957697,United Kingdom,K02000001,countries,499,0,150994962,"R : Arts, entertainment and recreation",R,SIC 2007 section,36,12,0,Total,0,employment sizeband,1000,0,0,Total,0,legal status,1000,0,20100,Value,70325,A,Normal Value,F,Free (free for publication),Nm-142d1d32352e0d2092957697d150994962d0d0d20100,204,256
2022,2022,2022,date,0,12,2092957697,United Kingdom,K02000001,countries,499,0,150994963,S : Other service activities,S,SIC 2007 section,36,13,0,Total,0,employment sizeband,1000,0,0,Total,0,legal status,1000,0,20100,Value,110455,A,Normal Value,F,Free (free for publication),Nm-142d1d32352e0d2092957697d150994963d0d0d20100,205,256
2022,2022,2022,date,0,12,2092957697,United Kingdom,K02000001,countries,499,0,150994964,T : Activities of households as employers;undifferentiated goods-and services-producing activities of households for own use,T,SIC 2007 section,36,14,0,Total,0,employment sizeband,1000,0,0,Total,0,legal status,1000,0,20100,Value,5,A,Normal Value,F,Free (free for publication),Nm-142d1d32352e0d2092957697d150994964d0d0d20100,206,256
2022,2022,2022,date,0,12,2092957697,United Kingdom,K02000001,countries,499,0,150994965,U : Activities of extraterritorial organisations and bodies,U,SIC 2007 section,36,15,0,Total,0,employment sizeband,1000,0,0,Total,0,legal status,1000,0,20100,Value,5,A,Normal Value,F,Free (free for publication),Nm-142d1d32352e0d2092957697d150994965d0d0d20100,207,256
2023,2023,2023,date,0,13,2092957697,United Kingdom,K02000001,countries,499,0,150994945,"A : Agriculture, forestry and fishing",A,SIC 2007 section,36,0,0,Total,0,employment sizeband,1000,0,0,Total,0,legal status,1000,0,20100,Value,141390,A,Normal Value,F,Free (free for publication),Nm-142d1d32368e0d2092957697d150994945d0d0d20100,208,256
2023,2023,2023,date,0,13,2092957697,United Kingdom,K02000001,countries,499,0,150994946,B : Mining and quarrying,B,SIC 2007 section,36,1,0,Total,0,employment sizeband,1000,0,0,Total,0,legal status,1000,0,20100,Value,1225,A,Normal Value,F,Free (free for publication),Nm-142d1d32368e0d2092957697d150994946d0d0d20100,209,256
2023,2023,2023,date,0,13,2092957697,United Kingdom,K02000001,countries,499,0,150994947,C : Manufacturing,C,SIC 2007 section,36,2,0,Total,0,employment sizeband,1000,0,0,Total,0,legal status,1000,0,20100,Value,135820,A,Normal Value,F,Free (free for publication),Nm-142d1d32368e0d2092957697d150994947d0d0d20100,210,256
2023,2023,2023,date,0,13,2092957697,United Kingdom,K02000001,countries,499,0,150994948,"D : Electricity, gas, steam and air conditioning supply",D,SIC 2007 section,36,3,0,Total,0,employment sizeband,1000,0,0,Total,0,legal status,1000,0,20100,Value,5930,A,Normal Value,F,Free (free for publication),Nm-142d1d32368e0d2092957697d150994948d0d0d20100,211,256
2023,2023,2023,date,0,13,2092957697,United Kingdom,K02000001,countries,499,0,150994949,"E : Water supply; sewerage, waste management and remediation activities",E,SIC 2007 section,36,4,0,Total,0,employment sizeband,1000,0,0,Total,0,legal status,1000,0,20100,Value,8735,A,Normal Value,F,Free (free for publication),Nm-142d1d32368e0d2092957697d150994949d0d0d20100,212,256
2023,2023,2023,date,0,13,2092957697,United Kingdom,K02000001,countries,499,0,150994950,F : Construction,F,SIC 2007 section,36,5,0,Total,0,employment sizeband,1000,0,0,Total,0,legal status,1000,0,20100,Value,377585,A,Normal Value,F,Free (free for publication),Nm-142d1d32368e0d2092957697d150994950d0d0d20100,213,256
2023,2023,2023,date,0,13,2092957697,United Kingdom,K02000001,countries,499,0,150994951,G : Wholesale and retail trade; repair of motor vehicles and motorcycles,G,SIC 2007 section,36,6,0,Total,0,employment sizeband,1000,0,0,Total,0,legal status,1000,0,20100,Value,402165,A,Normal Value,F,Free (free for publication),Nm-142d1d32368e0d2092957697d150994951d0d0d20100,214,256
2023,2023,2023,date,0,13,2092957697,United Kingdom,K02000001,countries,499,0,150994952,H : Transportation and storage,H,SIC 2007 section,36,7,0,Total,0,employment sizeband,1000,0,0,Total,0,legal status,1000,0,20100,Value,128600,A,Normal Value,F,Free (free for publication),Nm-142d1d32368e0d2092957697d150994952d0d0d20100,215,256
2023,2023,2023,date,0,13,2092957697,United Kingdom,K02000001,countries,499,0,150994953,I : Accommodation and food service activities,I,SIC 2007 section,36,8,0,Total,0,employment sizeband,1000,0,0,Total,0,legal status,1000,0,20100,Value,174830,A,Normal Value,F,Free (free for publication),Nm-142d1d32368e0d2092957697d150994953d0d0d20100,216,256
2023,2023,2023,date,0,13,2092957697,United Kingdom,K02000001,countries,499,0,150994954,J : Information and communication,J,SIC 2007 section,36,9,0,Total,0,employment sizeband,1000,0,0,Total,0,legal status,1000,0,20100,Value,187360,A,Normal Value,F,Free (free for publication),Nm-142d1d32368e0d2092957697d150994954d0d0d20100,217,256
2023,2023,2023,date,0,13,2092957697,United Kingdom,K02000001,countries,499,0,150994957,"M : Professional, scientific and technical activities",M,SIC 2007 section,36,10,0,Total,0,employment sizeband,1000,0,0,Total,0,legal status,1000,0,20100,Value,415250,A,Normal Value,F,Free (free for publication),Nm-142d1d32368e0d2092957697d150994957d0d0d20100,218,256
2023,2023,2023,date,0,13,2092957697,United Kingdom,K02000001,countries,499,0,150994958,N : Administrative and support service activities,N,SIC 2007 section,36,11,0,Total,0,employment sizeband,1000,0,0,Total,0,legal status,1000,0,20100,Value,226285,A,Normal Value,F,Free (free for publication),Nm-142d1d32368e0d2092957697d150994958d0d0d20100,219,256
2023,2023,2023,date,0,13,2092957697,United Kingdom,K02000001,countries,499,0,150994962,"R : Arts, entertainment and recreation",R,SIC 2007 section,36,12,0,Total,0,employment sizeband,1000,0,0,Total,0,legal status,1000,0,20100,Value,72040,A,Normal Value,F,Free (free for publication),Nm-142d1d32368e0d2092957697d150994962d0d0d20100,220,256
2023,2023,2023,date,0,13,2092957697,United Kingdom,K02000001,countries,499,0,150994963,S : Other service activities,S,SIC 2007 section,36,13,0,Total,0,employment sizeband,1000,0,0,Total,0,legal status,1000,0,20100,Value,112375,A,Normal Value,F,Free (free for publication),Nm-142d1d32368e0d2092957697d150994963d0d0d20100,221,256
2023,2023,2023,date,0,13,2092957697,United Kingdom,K02000001,countries,499,0,150994964,T : Activities of households as employers;undifferentiated goods-and services-producing activities of households for own use,T,SIC 2007 section,36,14,0,Total,0,employment sizeband,1000,0,0,Total,0,legal status,1000,0,20100,Value,0,A,Normal Value,F,Free (free for publication),Nm-142d1d32368e0d2092957697d150994964d0d0d20100,222,256
2023,2023,2023,date,0,13,2092957697,United Kingdom,K02000001,countries,499,0,150994965,U : Activities of extraterritorial organisations and bodies,U,SIC 2007 section,36,15,0,Total,0,employment sizeband,1000,0,0,Total,0,legal status,1000,0,20100,Value,5,A,Normal Value,F,Free (free for publication),Nm-142d1d32368e0d2092957697d150994965d0d0d20100,223,256
2024,2024,2024,date,0,14,2092957697,United Kingdom,K02000001,countries,499,0,150994945,"A : Agriculture, forestry and fishing",A,SIC 2007 section,36,0,0,Total,0,employment sizeband,1000,0,0,Total,0,legal status,1000,0,20100,Value,141255,A,Normal Value,F,Free (free for publication),Nm-142d1d32384e0d2092957697d150994945d0d0d20100,224,256
2024,2024,2024,date,0,14,2092957697,United Kingdom,K02000001,countries,499,0,150994946,B : Mining and quarrying,B,SIC 2007 section,36,1,0,Total,0,employment sizeband,1000,0,0,Total,0,legal status,1000,0,20100,Value,1200,A,Normal Value,F,Free (free for publication),Nm-142d1d32384e0d2092957697d150994946d0d0d20100,225,256
2024,2024,2024,date,0,14,2092957697,United Kingdom,K02000001,countries,499,0,150994947,C : Manufacturing,C,SIC 2007 section,36,2,0,Total,0,employment sizeband,1000,0,0,Total,0,legal status,1000,0,20100,Value,132295,A,Normal Value,F,Free (free for publication),Nm-142d1d32384e0d2092957697d150994947d0d0d20100,226,256
2024,2024,2024,date,0,14,2092957697,United Kingdom,K02000001,countries,499,0,150994948,"D : Electricity, gas, steam and air conditioning supply",D,SIC 2007 section,36,3,0,Total,0,employment sizeband,1000,0,0,Total,0,legal status,1000,0,20100,Value,5995,A,Normal Value,F,Free (free for publication),Nm-142d1d32384e0d2092957697d150994948d0d0d20100,227,256
2024,2024,2024,date,0,14,2092957697,United Kingdom,K02000001,countries,499,0,150994949,"E : Water supply; sewerage, waste management and remediation activities",E,SIC 2007 section,36,4,0,Total,0,employment sizeband,1000,0,0,Total,0,legal status,1000,0,20100,Value,8750,A,Normal Value,F,Free (free for publication),Nm-142d1d32384e0d2092957697d150994949d0d0d20100,228,256
2024,2024,2024,date,0,14,2092957697,United Kingdom,K02000001,countries,499,0,150994950,F : Construction,F,SIC 2007 section,36,5,0,Total,0,employment sizeband,1000,0,0,Total,0,legal status,1000,0,20100,Value,380200,A,Normal Value,F,Free (free for publication),Nm-142d1d32384e0d2092957697d150994950d0d0d20100,229,256
2024,2024,2024,date,0,14,2092957697,United Kingdom,K02000001,countries,499,0,150994951,G : Wholesale and retail trade; repair of motor vehicles and motorcycles,G,SIC 2007 section,36,6,0,Total,0,employment sizeband,1000,0,0,Total,0,legal status,1000,0,20100,Value,398210,A,Normal Value,F,Free (free for publication),Nm-142d1d32384e0d2092957697d150994951d0d0d20100,230,256
2024,2024,2024,date,0,14,2092957697,United Kingdom,K02000001,countries,499,0,150994952,H : Transportation and storage,H,SIC 2007 section,36,7,0,Total,0,employment sizeband,1000,0,0,Total,0,legal status,1000,0,20100,Value,116875,A,Normal Value,F,Free (free for publication),Nm-142d1d32384e0d2092957697d150994952d0d0d20100,231,256
2024,2024,2024,date,0,14,2092957697,United Kingdom,K02000001,countries,499,0,150994953,I : Accommodation and food service activities,I,SIC 2007 section,36,8,0,Total,0,employment sizeband,1000,0,0,Total,0,legal status,1000,0,20100,Value,173515,A,Normal Value,F,Free (free for publication),Nm-142d1d32384e0d2092957697d150994953d0d0d20100,232,256
2024,2024,2024,date,0,14,2092957697,United Kingdom,K02000001,countries,499,0,150994954,J : Information and communication,J,SIC 2007 section,36,9,0,Total,0,employment sizeband,1000,0,0,Total,0,legal status,1000,0,20100,Value,187760,A,Normal Value,F,Free (free for publication),Nm-142d1d32384e0d2092957697d150994954d0d0d20100,233,256
2024,2024,2024,date,0,14,2092957697,United Kingdom,K02000001,countries,499,0,150994957,"M : Professional, scientific and technical activities",M,SIC 2007 section,36,10,0,Total,0,employment sizeband,1000,0,0,Total,0,legal status,1000,0,20100,Value,417615,A,Normal Value,F,Free (free for publication),Nm-142d1d32384e0d2092957697d150994957d0d0d20100,234,256
2024,2024,2024,date,0,14,2092957697,United Kingdom,K02000001,countries,499,0,150994958,N : Administrative and support service activities,N,SIC 2007 section,36,11,0,Total,0,employment sizeband,1000,0,0,Total,0,legal status,1000,0,20100,Value,226670,A,Normal Value,F,Free (free for publication),Nm-142d1d32384e0d2092957697d150994958d0d0d20100,235,256
2024,2024,2024,date,0,14,2092957697,United Kingdom,K02000001,countries,499,0,150994962,"R : Arts, entertainment and recreation",R,SIC 2007 section,36,12,0,Total,0,employment sizeband,1000,0,0,Total,0,legal status,1000,0,20100,Value,73985,A,Normal Value,F,Free (free for publication),Nm-142d1d32384e0d2092957697d150994962d0d0d20100,236,256
2024,2024,2024,date,0,14,2092957697,United Kingdom,K02000001,countries,499,0,150994963,S : Other service activities,S,SIC 2007 section,36,13,0,Total,0,employment sizeband,1000,0,0,Total,0,legal status,1000,0,20100,Value,114125,A,Normal Value,F,Free (free for publication),Nm-142d1d32384e0d2092957697d150994963d0d0d20100,237,256
2024,2024,2024,date,0,14,2092957697,United Kingdom,K02000001,countries,499,0,150994964,T : Activities of households as employers;undifferentiated goods-and services-producing activities of households for own use,T,SIC 2007 section,36,14,0,Total,0,employment sizeband,1000,0,0,Total,0,legal status,1000,0,20100,Value,0,A,Normal Value,F,Free (free for publication),Nm-142d1d32384e0d2092957697d150994964d0d0d20100,238,256
2024,2024,2024,date,0,14,2092957697,United Kingdom,K02000001,countries,499,0,150994965,U : Activities of extraterritorial organisations and bodies,U,SIC 2007 section,36,15,0,Total,0,employment sizeband,1000,0,0,Total,0,legal status,1000,0,20100,Value,5,A,Normal Value,F,Free (free for publication),Nm-142d1d32384e0d2092957697d150994965d0d0d20100,239,256
2025,2025,2025,date,0,15,2092957697,United Kingdom,K02000001,countries,499,0,150994945,"A : Agriculture, forestry and fishing",A,SIC 2007 section,36,0,0,Total,0,employment sizeband,1000,0,0,Total,0,legal status,1000,0,20100,Value,140835,A,Normal Value,F,Free (free for publication),Nm-142d1d32400e0d2092957697d150994945d0d0d20100,240,256
2025,2025,2025,date,0,15,2092957697,United Kingdom,K02000001,countries,499,0,150994946,B : Mining and quarrying,B,SIC 2007 section,36,1,0,Total,0,employment sizeband,1000,0,0,Total,0,legal status,1000,0,20100,Value,1170,A,Normal Value,F,Free (free for publication),Nm-142d1d32400e0d2092957697d150994946d0d0d20100,241,256
2025,2025,2025,date,0,15,2092957697,United Kingdom,K02000001,countries,499,0,150994947,C : Manufacturing,C,SIC 2007 section,36,2,0,Total,0,employment sizeband,1000,0,0,Total,0,legal status,1000,0,20100,Value,130185,A,Normal Value,F,Free (free for publication),Nm-142d1d32400e0d2092957697d150994947d0d0d20100,242,256
2025,2025,2025,date,0,15,2092957697,United Kingdom,K02000001,countries,499,0,150994948,"D : Electricity, gas, steam and air conditioning supply",D,SIC 2007 section,36,3,0,Total,0,employment sizeband,1000,0,0,Total,0,legal status,1000,0,20100,Value,6860,A,Normal Value,F,Free (free for publication),Nm-142d1d32400e0d2092957697d150994948d0d0d20100,243,256
2025,2025,2025,date,0,15,2092957697,United Kingdom,K02000001,countries,499,0,150994949,"E : Water supply; sewerage, waste management and remediation activities",E,SIC 2007 section,36,4,0,Total,0,employment sizeband,1000,0,0,Total,0,legal status,1000,0,20100,Value,8820,A,Normal Value,F,Free (free for publication),Nm-142d1d32400e0d2092957697d150994949d0d0d20100,244,256
2025,2025,2025,date,0,15,2092957697,United Kingdom,K02000001,countries,499,0,150994950,F : Construction,F,SIC 2007 section,36,5,0,Total,0,employment sizeband,1000,0,0,Total,0,legal status,1000,0,20100,Value,384830,A,Normal Value,F,Free (free for publication),Nm-142d1d32400e0d2092957697d150994950d0d0d20100,245,256
2025,2025,2025,date,0,15,2092957697,United Kingdom,K02000001,countries,499,0,150994951,G : Wholesale and retail trade; repair of motor vehicles and motorcycles,G,SIC 2007 section,36,6,0,Total,0,employment sizeband,1000,0,0,Total,0,legal status,1000,0,20100,Value,396485,A,Normal Value,F,Free (free for publication),Nm-142d1d32400e0d2092957697d150994951d0d0d20100,246,256
2025,2025,2025,date,0,15,2092957697,United Kingdom,K02000001,countries,499,0,150994952,H : Transportation and storage,H,SIC 2007 section,36,7,0,Total,0,employment sizeband,1000,0,0,Total,0,legal status,1000,0,20100,Value,114385,A,Normal Value,F,Free (free for publication),Nm-142d1d32400e0d2092957697d150994952d0d0d20100,247,256
2025,2025,2025,date,0,15,2092957697,United Kingdom,K02000001,countries,499,0,150994953,I : Accommodation and food service activities,I,SIC 2007 section,36,8,0,Total,0,employment sizeband,1000,0,0,Total,0,legal status,1000,0,20100,Value,176685,A,Normal Value,F,Free (free for publication),Nm-142d1d32400e0d2092957697d150994953d0d0d20100,248,256
2025,2025,2025,date,0,15,2092957697,United Kingdom,K02000001,countries,499,0,150994954,J : Information and communication,J,SIC 2007 section,36,9,0,Total,0,employment sizeband,1000,0,0,Total,0,legal status,1000,0,20100,Value,187695,A,Normal Value,F,Free (free for publication),Nm-142d1d32400e0d2092957697d150994954d0d0d20100,249,256
2025,2025,2025,date,0,15,2092957697,United Kingdom,K02000001,countries,499,0,150994957,"M : Professional, scientific and technical activities",M,SIC 2007 section,36,10,0,Total,0,employment sizeband,1000,0,0,Total,0,legal status,1000,0,20100,Value,419565,A,Normal Value,F,Free (free for publication),Nm-142d1d32400e0d2092957697d150994957d0d0d20100,250,256
2025,2025,2025,date,0,15,2092957697,United Kingdom,K02000001,countries,499,0,150994958,N : Administrative and support service activities,N,SIC 2007 section,36,11,0,Total,0,employment sizeband,1000,0,0,Total,0,legal status,1000,0,20100,Value,222055,A,Normal Value,F,Free (free for publication),Nm-142d1d32400e0d2092957697d150994958d0d0d20100,251,256
2025,2025,2025,date,0,15,2092957697,United Kingdom,K02000001,countries,499,0,150994962,"R : Arts, entertainment and recreation",R,SIC 2007 section,36,12,0,Total,0,employment sizeband,1000,0,0,Total,0,legal status,1000,0,20100,Value,75855,A,Normal Value,F,Free (free for publication),Nm-142d1d32400e0d2092957697d150994962d0d0d20100,252,256
2025,2025,2025,date,0,15,2092957697,United Kingdom,K02000001,countries,499,0,150994963,S : Other service activities,S,SIC 2007 section,36,13,0,Total,0,employment sizeband,1000,0,0,Total,0,legal status,1000,0,20100,Value,116095,A,Normal Value,F,Free (free for publication),Nm-142d1d32400e0d2092957697d150994963d0d0d20100,253,256
2025,2025,2025,date,0,15,2092957697,United Kingdom,K02000001,countries,499,0,150994964,T : Activities of households as employers;undifferentiated goods-and services-producing activities of households for own use,T,SIC 2007 section,36,14,0,Total,0,employment sizeband,1000,0,0,Total,0,legal status,1000,0,20100,Value,0,A,Normal Value,F,Free (free for publication),Nm-142d1d32400e0d2092957697d150994964d0d0d20100,254,256
2025,2025,2025,date,0,15,2092957697,United Kingdom,K02000001,countries,499,0,150994965,U : Activities of extraterritorial organisations and bodies,U,SIC 2007 section,36,15,0,Total,0,employment sizeband,1000,0,0,Total,0,legal status,1000,0,20100,Value,5,A,Normal Value,F,Free (free for publication),Nm-142d1d32400e0d2092957697d150994965d0d0d20100,255,256
